00000000  43 6f 6e 74 65 6e 74 2d  44 69 73 70 6f 73 69 74  |Content-Disposit|
00000010  69 6f 6e 3a 20 66 6f 72  6d 2d 64 61 74 61 3b 20  |ion: form-data; |
00000020  6e 61 6d 65 3d 22 73 6f  75 72 63 65 22 3b 20 66  |name="source"; f|
00000030  69 6c 65 6e 61 6d 65 3d  22 2f 68 6f 6d 65 2f 79  |ilename="/home/y|
00000040  73 74 79 6c 65 2f 43 6f  64 65 2f 43 61 6e 67 4a  |style/Code/CangJ|
00000050  69 65 2f 67 6a 73 6f 6e  2d 63 6a 2f 67 6a 73 6f  |ie/gjson-cj/gjso|
00000060  6e 2d 31 2e 30 2e 30 2e  7a 69 70 22 0d 0a 0d 0a  |n-1.0.0.zip"....|
00000070  50 4b 03 04 14 00 00 08  08 00 05 5b ee 5a 03 ee  |PK.........[.Z..|
00000080  22 24 ae 00 00 00 21 01  00 00 09 00 00 00 63 6a  |"$....!.......cj|
00000090  70 6d 2e 74 6f 6d 6c 8a  4e 49 2d 48 cd 4b 49 cd  |pm.toml.NI-H.KI.|
000000a0  4b ce 4c 2d 8e e5 e2 8a  2e 48 4c ce 4e 4c 4f 8d  |K.L-.....HL.NLO.|
000000b0  e5 52 50 00 b4 3d 06 a9  0e c3 30 14 dc f7 14 26  |.RP..=....0....&|
000000c0  7b 85 fc 03 fc 73 74 6d  6c c5 51 9a 48 46 96 03  |{....stml.Q.HF..|
000000d0  a5 f4 ee c5 21 2d 81 76  27 66 24 f1 5e 98 03 6c  |....!-.v'f$.^..l|
000000e0  a8 85 84 dd bf eb fe fa  a1 1f ba c6 65 cd b4 20  |............e.. |
000000f0  48 b6 43 c1 55 c6 d1 55  ae 05 63 db 88 58 82 d2  |H.C.U..U..c..X..|
00000100  47 b3 d8 44 9c dc 84 8a  4d 2f c4 b7 d3 75 43 ec  |G..D....M/...uC.|
00000110  57 6c 73 9a 8b 70 03 52  2d 57 03 bb e7 9d 17 f3  |Wls..p.R-W......|
00000120  46 61 17 1b aa 52 44 f8  8e d1 74 d1 00 91 f4 fd  |Fa...RD...t.....|
00000130  d7 bc 26 b4 33 f9 d5 e8  28 0d 41 78 a4 54 d5 1f  |..&.3...(.Ax.T..|
00000140  d1 1e cf cb 0b 50 4b 03  04 14 00 00 08 08 00 05  |.....PK.........|
00000150  5b ee 5a e6 4c 0c 24 ea  01 00 00 85 04 00 00 18  |[.Z.L.$.........|
00000160  00 00 00 73 72 63 2f 73  69 6d 70 6c 65 5f 64 65  |...src/simple_de|
00000170  62 75 67 5f 74 65 73 74  2e 63 6a 8c 92 cf 8a 1a  |bug_test.cj.....|
00000180  41 10 c6 ef f3 14 45 b3  e0 28 71 24 c9 6d 40 48  |A.....E..(q$.m@H|
00000190  48 ce 49 88 79 81 76 2c  75 74 fe d1 5d 62 40 06  |H.I.y.v,ut..]b@.|
000001a0  24 78 49 34 90 8b 04 42  c8 25 84 ec 41 56 f6 20  |$xI4...B.%..AV. |
000001b0  bb ec 61 9f 66 47 7d 8c  a5 7b 56 d7 96 15 ed c3  |..a.fG}..{V.....|
000001c0  40 7f 53 bf af ba 3e 2a  e1 5e 97 b7 10 5a 1d 19  |@.S...>*.^...Z..|
000001d0  47 96 e5 87 49 2c 08 24  35 9c 5e e4 13 a1 24 a7  |G...I,.$5.^...$.|
000001e0  f4 a4 aa 7e 85 dc 13 b1  53 b2 ac 57 9f 50 92 e5  |...~....S..W.P..|
000001f0  05 5c 4a a8 f9 61 12 e0  5b ac f7 5a 4a 85 81 05  |.\J..a..[..ZJ...|
00000200  00 a0 3f ba ec 0d 97 a8  6f cd 5e e4 81 b2 c9 89  |..?.....o.^.....|
00000210  77 28 09 1b af 3d 0f a5  b4 8b 0f 98 3a 95 0a 2c  |w(...=......:..,|
00000220  7f 0f 57 17 c3 ec fb 74  f5 6b 94 2d 26 d9 bf 9f  |..W....t.k.-&...|
00000230  cb c5 78 3d 9f 6e 6b 02  24 50 13 40 15 18 63 5b  |..x=.nk.$P.@..c[|
00000240  79 c0 22 1e 22 73 61 c0  9a be 90 c4 5c 60 14 87  |y."."sa.....\`..|
00000250  2c 4d 77 ab 8c 4e da 77  35 9b dd 5d 0f b3 cb 2f  |,Mw..N.w5..].../|
00000260  46 03 e5 f5 11 65 2f 20  a8 42 0b c9 56 1d 9f 41  |F....e/ .B..V..A|
00000270  de a3 b8 2d 4d 84 1f 51  10 d9 ac 46 98 c0 73 28  |...-M..Q...F..s(|
00000280  6b 10 f0 b3 2f 49 ba 70  36 78 f4 71 72 d1 2e a6  |k.../I.p6x.qr...|
00000290  c7 f9 ae 1f 35 f6 68 25  9d 40 0a de 77 a1 60 90  |....5.h%.@..w.`.|
000002a0  82 f7 d3 c2 0e 69 44 f0  75 9c 7d 3b cf 83 58 5f  |.....iD.u.};..X_|
000002b0  cd b3 db d1 fa ff df e5  9f 1f 46 16 71 bd f3 81  |..........F.q...|
000002c0  53 1b aa 90 70 21 f1 7d  bd 83 1e 29 c5 d6 71 38  |S...p!.}...)..q8|
000002d0  79 dc 87 86 7a 01 e5 8d  83 93 70 41 fa 79 bb 82  |y...z.....pA.y..|
000002e0  f1 38 33 50 93 a5 f6 1e  4b ed 13 d9 30 16 a8 f2  |.83P....K...0...|
000002f0  dc a0 ea 9e 1e 8a 64 bb  15 37 93 fd ad d0 93 1e  |......d..7......|
00000300  5a 8b 23 39 bc bc 1f 34  71 40 94 21 25 11 24 43  |Z.#9...4q@.!%.$C|
00000310  89 48 23 68 c6 c0 52 0a  b2 21 f8 93 0a 9a 01 b0  |.H#h..R..!......|
00000320  04 83 6c 00 ce 14 e3 e0  58 5c 9c 5a 54 a2 51 52  |..l.....X\.ZT.QR|
00000330  54 9a aa a3 00 22 35 c1  a9 a8 61 f7 b3 19 eb 5f  |T...."5...a...._|
00000340  36 cc 7a b1 bf fd fd 9e  9e a7 fd ab 9e cd 58 ff  |6.z...........X.|
00000350  7c 4e f7 8b 0d cd a0 74  b5 6f f2 d3 f6 5d e0 70  ||N.....t.o...].p|
00000360  ac e5 aa 05 00 50 4b 03  04 14 00 00 08 08 00 05  |.....PK.........|
00000370  5b ee 5a 31 b2 77 2f 60  06 00 00 84 13 00 00 17  |[.Z1.w/`........|
00000380  00 00 00 73 72 63 2f 66  75 6e 63 74 69 6f 6e 61  |...src/functiona|
00000390  6c 5f 75 74 69 6c 73 2e  63 6a cc 94 df 4f d3 5e  |l_utils.cj...O.^|
000003a0  18 c6 ef fb 57 bc de 90  36 40 81 e4 9b ef c5 02  |....W...6@......|
000003b0  18 31 d1 98 a0 31 03 e3  05 e1 a2 76 67 78 a4 b4  |.1...1.....vgx..|
000003c0  4d db 69 a6 21 19 0a c2  64 6c 8b 09 b0 e0 10 17  |M.i.!...dl......|
000003d0  18 21 3a 10 84 b0 c9 3a  fc 63 ec 39 2d 57 fc 0b  |.!:....:.c.9-W..|
000003e0  a6 eb 28 e5 87 64 c6 68  3c 17 cd d6 f7 39 4f ce  |..(..d.h<....9O.|
000003f0  e7 39 ef 5b 55 10 47 85  11 04 23 4f 74 45 66 18  |.9.[U.G...#OtEf.|
00000400  3c a6 2a 9a 01 ba 11 e1  45 45 92 90 68 60 45 e6  |<.*.....EE..h`E.|
00000410  6f 68 9a 10 ef c7 ba c1  30 1d 1d 40 a6 6b 74 7e  |oh......0..@.kt~|
00000420  9b 98 19 db 5c b0 37 66  49 b9 48 a6 ca 74 a3 40  |....\.7fI.H..t.@|
00000430  96 17 eb e5 95 03 eb 20  7d 5b b1 93 33 34 5f b2  |....... }[..34_.|
00000440  cc 1c 49 2d b8 55 33 73  6c a6 88 39 4f a6 8a e7  |..I-.U3sl..9O...|
00000450  1c bc 2a cd 64 c9 dc b4  55 5d b5 3f 4c d0 37 35  |..*.d...U].?L.75|
00000460  67 a7 40 76 5e d2 52 c1  f5 74 26 52 ce de ea b1  |g.@v^.R..t&R....|
00000470  b9 44 33 59 eb f0 dd d1  a7 dc 51 6e df 73 f9 9e  |.D3Y......Qn.s..|
00000480  98 f0 7e d8 d5 49 92 9d  21 6f 53 be 3b 9d df a6  |..~..I..!oS.;...|
00000490  73 5b 64 6d d2 ce be f6  4e 59 3f 7f 70 b7 bd 53  |s[dm....NY?.p..S|
000004a0  25 ef 67 c9 d6 92 f5 35  c9 a8 b1 47 12 16 c1 88  |%.g....5...G....|
000004b0  ab 08 ee 6b 28 82 45 c1  40 dd 83 bd d0 03 ec 20  |...k(.E.@...... |
000004c0  07 ed bd d0 a7 28 d2 19  d9 5d 41 55 91 d6 3d d8  |.....(...]AU..=.|
000004d0  06 e1 80 2c 7c 46 13 46  91 98 18 14 85 db e0 32  |...,|F.F.......2|
000004e0  dd 4d 45 d6 63 63 ae 30  60 f5 40 c6 5e ea 51 2c  |.ME.cc.0`.@.^.Q,|
000004f0  47 6e 61 4d 37 80 e4 37  c8 e6 a2 5d 5a b7 2a 5f  |GnaM7..7...]Z.*_|
00000500  ac ca 26 5d 29 d2 e4 a1  5d 2a 59 95 84 55 f9 48  |..&])...]*Y..U.H|
00000510  ab 05 67 7f 97 2e 17 ac  ea be bd 34 d9 50 d6 e6  |..g........4.P..|
00000520  ec da 16 13 8d c9 e2 a9  11 ab 87 60 c0 d0 b0 3c  |...........`...<|
00000530  d2 06 ea 09 6e 28 40 de  17 37 50 2f 17 82 eb 77  |....n(@..7P/...w|
00000540  64 e3 ff ff e0 05 03 00  10 55 34 60 31 60 19 3a  |d........U4`1`.:|
00000550  79 5e e7 75 fc 1c 71 8d  92 bb 70 14 58 df 8c d5  |y^.u..q...p.X...|
00000560  87 f0 30 17 2c bb 4b 43  46 4c 93 61 40 19 43 6c  |..0.,.KCFL.a@.Cl|
00000570  dd 99 c5 1c e7 2b c6 99  d3 67 43 79 4f 91 11 33  |.....+...gCyO..3|
00000580  ee a7 d0 2f fc 2c 04 9a  4f 90 6c fa 17 72 70 ad  |.../.,..O.l..rp.|
00000590  7e 37 06 d6 0b 01 da a1  8b e3 f9 4e 08 41 7b d7  |~7.........N.A{.|
000005a0  5f 4c c4 10 46 d1 c3 c7  58 42 60 55 d3 7e 5f 10  |_L..F...XB`U.~_.|
000005b0  33 41 d6 f6 9c 74 99 64  16 2e ed 08 af 17 fc cd  |3A...t.d........|
000005c0  4d 87 e0 35 4c 03 ef a9  a0 01 86 1e e8 ac ff 7b  |M..5L..........{|
000005d0  56 3f 05 8b a1 1b 1a 91  b4 b4 c0 15 bd 80 5b 5b  |V?............[[|
000005e0  2f de b5 3e c4 f3 78 b8  71 db fa 28 56 3d 36 a7  |/..>..x.q..(V=6.|
000005f0  bc eb 7c 9b 3e 87 77 05  98 bf f3 1f 02 c3 3c 7f  |..|.>.w.......<.|
00000600  02 26 48 12 d0 d5 04 5d  29 9e 99 e4 64 82 e6 93  |.&H....])...d...|
00000610  de 1b 9a fb 4c b2 eb 47  af 6a 41 48 ef d2 04 49  |....L..G.jAH...I|
00000620  6a 9a ca fd 60 35 3f b8  d7 9a 9b dc a8 20 e9 e8  |j...`5?...... ..|
00000630  aa 81 35 b4 d8 c9 c0 0a  72 fc 32 d2 3a dd 29 ec  |..5.....r.2.:.).|
00000640  45 46 39 fe 87 18 9b 43  fc 41 7b 15 b5 38 0d 04  |EF9....C.A{..8..|
00000650  e1 77 7f c5 e0 4b 12 28  ad 1e 22 5a ae 85 c3 d3  |.w...K.(.."Z....|
00000660  07 91 03 e5 7c d1 f3 61  2f dd b3 81 36 29 c9 16  |....|..a/...6)..|
00000670  8b d7 03 41 a9 3d f0 50  b8 1e 8a f8 a0 e0 43 7d  |...A.=.P......C}|
00000680  39 a3 4f 45 f4 df 5c d2  de bf 90 dd d9 24 93 52  |9.OE..\......$.R|
00000690  d3 82 fa d4 6e 32 f3 cd  cc 37 d9 d9 6f 55 05 05  |....n2...7..oU..|
000006a0  15 22 05 58 a2 ed 75 5d  01 b3 d3 4f d3 d3 b7 b9  |.".X..u]...O....|
000006b0  76 2e fa 3c e3 93 f0 fc  e5 6b 6c a4 72 5c b9 4c  |v..<.....kl.r\.L|
000006c0  3a 84 e5 c6 53 de dc 4f  b7 df df 0f 66 8d a8 b7  |:...S..O....f...|
000006d0  e5 1f 86 31 4e 6c 6d 6a  69 0a 3a cc 17 8e 94 0a  |...1Nlmji.:.....|
000006e0  10 85 83 94 83 f8 d5 21  7e b7 d1 70 10 0f df 9c  |.......!~..p....|
000006f0  4d 3e 9f 3f 1f 47 c3 01  56 9f fa ac cc 80 99 9c  |M>.?.G..V.......|
00000700  56 f8 6b 11 32 64 bf 6e  34 99 1f 40 0d 52 b5 82  |V.k.2d.n4..@.R..|
00000710  07 98 69 a5 56 aa 6b c5  66 ff 88 ca 34 9f 32 6b  |..i.V.k.f...4.2k|
00000720  34 f0 18 cc 48 05 de 0a  f8 dc a1 98 a5 b6 c8 83  |4...H...........|
00000730  cc 49 7a 30 6a 42 ca 7b  be d7 be 2f f6 ae 99 59  |.Iz0jB.{.../...Y|
00000740  58 e1 29 1a 4c cb 4a e8  ca ac 48 ac cc 2c 69 65  |X.).L.J...H..,ie|
00000750  34 99 4c 47 e3 e9 fb 17  b3 f0 78 f6 f5 08 65 12  |4.LG......x...e.|
00000760  76 cc 09 36 9d c7 8e 30  ed 2a 48 66 ad 2a 90 f1  |v..6...0.*Hf.*..|
00000770  a2 53 b2 a1 5e 83 5d e3  92 21 87 bf 0d eb 72 71  |.S..^.]..!....rq|
00000780  dd 90 d8 1a e2 0e 17 82  fb 85 18 a6 06 61 14 e4  |.............a..|
00000790  a9 61 41 bf 0f c9 bb 0d  fa ee 81 61 91 08 1b ad  |.aA........a....|
000007a0  4e 93 6d 49 25 e5 d8 85  71 d2 7a 14 72 96 1a 05  |N.mI%...q.z.r...|
000007b0  bb 1d 78 ee 26 6f 39 6d  67 59 d6 36 d4 64 2e 25  |..x.&o9mgY.6.d.%|
000007c0  43 82 e9 45 95 2e f6 e9  e2 80 2e 1e d2 c5 23 ca  |C..E..........#.|
000007d0  d6 dd ae 27 f8 12 c2 95  d7 45 ea 75 33 b0 59 67  |...'.....E.u3.Yg|
000007e0  25 b7 9d 1d 23 e9 3b 15  d1 28 96 15 9a eb 89 f5  |%...#.;..(......|
000007f0  ed ba b9 50 20 6e 4b 75  98 53 ca b9 6f 61 1f 7a  |...P nKu.S..oa.z|
00000800  50 ab 03 39 55 7a 16 1c  a4 79 32 b7 91 20 5f ce  |P..9Uz...y2.. _.|
00000810  c3 a0 1e 5d cb 3f 5c 25  94 c2 92 51 b4 f2 58 cb  |...].?\%...Q..X.|
00000820  47 f4 fc ff 16 b0 df 9f  0b 58 a9 c0 3d 1e 74 5b  |G........X..=.t[|
00000830  02 af 18 52 8a a7 f7 92  e3 a3 b3 5f 1f e2 c3 2f  |...R......._.../|
00000840  d1 b7 93 0b bc 27 b8 db  d0 b6 9a 3f d9 8e 1f a3  |.....'.....?....|
00000850  e9 68 1c bf fb 18 85 89  e3 30 d4 80 a9 aa 9f 7c  |.h.......0.....||
00000860  8f 9e fd 54 1e fa be a1  aa 6c b3 0e ee 78 b3 ad  |...T.....l...x..|
00000870  6e 27 d5 e4 96 92 1f 9f  92 d0 5c 54 ba 8b 7d ce  |n'........\T..}.|
00000880  04 47 3b b4 31 45 d3 09  ca 3e 7b 52 02 44 c5 07  |.G;.1E...>{R.D..|
00000890  81 f0 b5 76 27 d3 69 69  fa b2 9a c5 89 6f 75 db  |...v'.ii.....ou.|
000008a0  bb dc 9f 4f fc 56 cb 63  e2 ea 95 12 e8 3f cb 53  |...O.V.c.....?.S|
000008b0  47 9c c2 d4 dd df 94 58  41 aa c2 30 10 bd 4a 97  |G......XA..0..J.|
000008c0  5d f4 04 05 ff 21 7a 83  d0 16 7e 20 6d 25 46 dd  |]....!z...~ m%F.|
000008d0  ea 46 5c 08 0a 2e 3d 80  e0 c6 0b 88 b7 a9 d8 5b  |.F\...=........[|
000008e0  48 66 a6 31 69 42 8b bb  c2 4c 33 f3 32 2f 33 79  |Hf.1iB...L3.2/3y|
000008f0  59 56 c1 d4 71 64 bd 36  57 2c 93 b7 bd eb ff b2  |YV..qd.6W,......|
00000900  8e f3 a6 2e 60 78 d9 a4  c4 70 7f 49 c4 72 34 19  |....`x...p.I.r4.|
00000910  45 47 96 50 da 5a 30 99  d5 60 53 3d c1 84 cb a1  |EG.P.Z0..`S=....|
00000920  6d 30 9a ad 9a 69 73 a0  12 dd f9 d9 3e 8e dd ed  |m0...is.....>...|
00000930  f0 be 6f 3d 2c 2b 26 78  a1 0f 26 7d 34 32 80 c7  |..o=,+&x..&}42..|
00000940  ed f3 56 44 f3 93 95 5a  cf fd ee b2 6b 4f 7b dc  |..VD...Z....kO{.|
00000950  42 87 fb c8 7a 52 a2 42  81 dc 8d b9 2a ab 45 6a  |B...zR.B....*.Ej|
00000960  4d ee be 07 78 9a 14 fa  80 ed 47 69 89 52 45 12  |M...x.....Gi.RE.|
00000970  d9 3c 73 ec 34 fe 9d db  11 84 9b 90 ae e0 13 96  |.<s.4...........|
00000980  af 3a 0a 4c 69 e3 33 76  61 c2 ac 4c 0f aa d8 1c  |.:.Li.3va..L....|
00000990  5f 02 c2 a0 07 cc 07 4f  07 71 36 81 38 fb 01 31  |_......O.q6.8..1|
000009a0  a6 06 50 e8 50 7f 51 5b  54 a2 72 0f 80 48 78 d6  |..P.P.Q[T.r..Hx.|
000009b0  18 c3 c2 6b ae 38 13 69  94 25 e4 2d 53 f7 35 e4  |...k.8.i.%.-S.5.|
000009c0  33 50 86 40 6a c5 c1 23  10 aa 93 d8 98 83 eb 83  |3P.@j..#........|
000009d0  da a2 01 11 d0 51 40 8d  20 7c be 49 cb 2f 72 4d  |.....Q@. |.I./rM|
000009e0  4c ce c0 99 18 31 b2 34  38 21 82 46 67 b0 75 af  |L....1.48!.Fg.u.|
000009f0  b0 27 30 68 3e 46 77 54  2d 00 50 4b 03 04 14 00  |.'0h>FwT-.PK....|
00000a00  00 08 08 00 05 5b ee 5a  dd ff e3 13 a2 02 00 00  |.....[.Z........|
00000a10  40 07 00 00 10 00 00 00  73 72 63 2f 6e 75 6d 5f  |@.......src/num_|
00000a20  75 74 69 6c 73 2e 63 6a  84 54 51 4f db 3c 14 7d  |utils.cj.TQO.<.}|
00000a30  cf af 38 4f 34 19 90 86  4f fd 40 ad 48 91 36 69  |..8O4...O.@.H.6i|
00000a40  52 f7 00 93 2a b4 07 c4  83 eb 3a ad d7 c4 ae 6c  |R...*.....:....l|
00000a50  07 c6 46 ff fb 74 1d 93  a6 0d 68 7e 4a ec 7b af  |..F..t....h~J.{.|
00000a60  cf 3d f7 1c 6f 19 df b0  95 c0 ea a7 d5 2a 92 d5  |.=..o........*..|
00000a70  56 1b 07 eb 96 29 d7 ea  49 18 97 7e 67 c6 b2 45  |V....)..I..~g..E|
00000a80  29 a2 68 38 84 d3 aa ae  20 7e 39 c3 b8 b3 50 75  |).h8.... ~9...Pu|
00000a90  b5 10 06 85 d1 15 be cd  ef 6e 61 9d 91 6a 05 a6  |.........na..j..|
00000aa0  96 30 c2 d5 46 59 c4 86  3d 87 fd 33 6c 99 b1 62  |.0..FY..=..3l..b|
00000ab0  89 a2 d4 cc 25 51 51 2b  de 94 8c e9 f6 09 e6 3e  |....%QQ+.......>|
00000ac0  2c 99 20 9e 87 84 af 14  79 39 4a f0 27 02 80 27  |,. .....y9J.'..'|
00000ad0  66 20 91 e3 c2 ff 3d af  65 29 10 4b 5c 83 f2 53  |f ....=.e).K\..S|
00000ae0  2b 7f 8b b7 48 5a c3 21  3e 1b c1 36 d0 8a 62 9d  |+...HZ.!>..6..b.|
00000af0  b0 5b c6 c5 19 b8 ae 2a  06 6d c0 4b 6d 09 ef c2  |.[.....*.m.Km...|
00000b00  30 be 11 ae 4d 94 05 62  69 7f b4 29 77 e6 8b 56  |0...M..bi..)w..V|
00000b10  ce e8 d2 e3 7c 90 8f 09  5e 5f 11 be 91 e7 58 0c  |....|...^_....X.|
00000b20  ce 06 bd ad c7 fe d6 6e  d0 c5 47 ab 14 0e c4 50  |.......n..G....P|
00000b30  de e4 a6 a9 7c 3c 38 af  98 e3 6b c4 81 87 d4 99  |....|<8...k.....|
00000b40  17 1a 88 20 56 93 e3 5a  b4 38 b3 02 73 5d 89 58  |... V..Z.8..s].X|
00000b50  d5 55 82 7c 1a 06 e1 e7  70 46 13 4b de cf b9 d5  |.U.|....pF.K....|
00000b60  4a f4 c2 b3 34 3b 0c df  45 fd 2f 79 7a 1a ed cf  |J...4;..E./yz...|
00000b70  3e 02 4c ed 1d 20 fe 18  29 85 1e 41 f5 c1 c7 10  |>.L.. ..)..A....|
00000b80  9b b8 16 e3 2e da 79 91  5a 56 88 99 72 e0 6b c1  |......y.ZV..r.k.|
00000b90  37 96 86 e9 f5 06 ce 14  16 c2 1f 97 2f 08 fa 16  |7.........../...|
00000ba0  4b 38 0d a9 dc e5 a8 d1  63 c8 8e 8b 49 2b be 09  |K8......c...I+..|
00000bb0  6e 66 14 10 c0 0f 87 8d  d8 1b f5 5b 54 b5 75 54  |nf.........[T.uT|
00000bc0  f8 59 ba b5 54 be 00 15  14 2b 61 60 98 5a 89 e8  |.Y..T....+a`.Z..|
00000bd0  4d 53 05 ae 71 3e ce b2  ab 8b f1 f8 bf ff 47 57  |MS..q>........GW|
00000be0  a3 6c 3c be 48 33 92 49  81 29 fa 27 5d be 42 d7  |.l<.H3.I.).'].B.|
00000bf0  44 42 87 ee b0 eb 27 ee  41 c6 45 92 04 22 bc db  |DB....'.A.E.."..|
00000c00  ee a5 72 cd 97 45 ad ac  5c 29 b1 6c e1 35 be 6c  |..r..E..\).l.5.l|
00000c10  1a 6f a3 63 db 71 e2 cd  7d b7 75 6a c2 7a 9f 91  |.o.c.q..}.uj.z..|
00000c20  c4 b3 7f c3 23 c3 aa 09  42 91 1c 99 2f 53 68 43  |....#...B.../ShC|
00000c30  b6 95 0a 59 9a da 9e 6f  c9 13 1c 39 ec 43 c7 0c  |...Y...o...9.C..|
00000c40  74 35 c7 94 8c 95 0d 70  72 02 8e 6b fa 19 f7 2c  |t5.....pr..k...,|
00000c50  a5 90 43 e1 13 2e 32 9c  86 9b 63 8e 73 9f b8 57  |..C...2...c.s..W|
00000c60  d4 0e a2 b4 e2 28 f5 98  63 b4 3c f7 d9 56 07 34  |.....(..c.<..V.4|
00000c70  cf f6 2c bf cb 31 3a 24  cf 8e 39 ee 52 fc f6 c4  |..,..1:$..9.R...|
00000c80  65 ed 1f d5 43 8e 82 95  56 1c 4f 61 8a 8c b8 b0  |e...C...V.Oa....|
00000c90  0f 59 78 74 ce 0f e8 08  a9 ce d4 fb 7e 0e ed ea  |.Yxt........~...|
00000ca0  9f 3a 4a ed 8f e1 7d c1  85 89 1e 0e f4 ef 90 4a  |.:J...}........J|
00000cb0  62 da 46 27 95 62 13 7b  38 80 42 0b 4b 92 06 a5  |b.F'.b.{8.B.K...|
00000cc0  25 5d 43 cc 54 90 07 8a  7f 00 50 4b 03 04 14 00  |%]C.T.....PK....|
00000cd0  00 08 08 00 05 5b ee 5a  69 e2 f7 a8 1c 08 00 00  |.....[.Zi.......|
00000ce0  d6 23 00 00 11 00 00 00  73 72 63 2f 70 61 74 68  |.#......src/path|
00000cf0  5f 75 74 69 6c 73 2e 63  6a cc 94 c1 6f d4 4c 0c  |_utils.cj...o.L.|
00000d00  c5 ef f9 2b 9e 7a 68 13  b1 5f aa 4a 9f 38 ac 48  |...+.zh.._.J.8.H|
00000d10  25 28 1c 2a 71 28 f4 88  2a 34 9d f5 26 c3 ce 66  |%(.*q(..*4..&..f|
00000d20  82 c7 41 14 ba ff 3b 9a  c9 a6 dd a4 09 a2 b7 e6  |..A...;.........|
00000d30  12 c9 cf 71 ec 9f ad d7  28 bd 51 25 a1 fc e6 5d  |...q....(.Q%...]|
00000d40  9d 24 66 db 38 16 78 59  e5 da 59 4b 5a 8c ab f3  |.$f.8.xY..YKZ...|
00000d50  b7 cc ea ee a3 f1 92 24  a7 a7 b8 70 db ad ab d1  |.......$...p....|
00000d60  28 a9 e0 1b 6b 44 4c 5d  82 c9 b7 36 7c c9 ad 96  |(...kDL]...6|...|
00000d70  96 29 69 da 5b 6b 34 b4  55 de e3 4a 49 75 1d 72  |.)i.[k4.U..JIu.r|
00000d80  3f 77 69 bf 13 00 d8 a7  fc 50 8c 46 b1 2c 71 2d  |?wi......P.F.,q-|
00000d90  6c ea f2 a9 26 d5 ac 66  1a fa 9b b6 5a e2 9d 73  |l...&..f....Z..s|
00000da0  76 5c 72 eb 98 f6 4a 94  4c 6d 24 cd f6 6d 85 47  |v\r...J.Lm$..m.G|
00000db0  2a e3 f3 d0 14 0a 1c 1d  8d c3 52 4d 85 4d 43 33  |*.........RM.MC3|
00000dc0  e1 15 0a ac 95 f5 34 2c  14 ba 18 28 bb 64 17 11  |......4,...(.d..|
00000dd0  37 8a 3d 75 9c 03 b9 0f  96 b6 54 8b 07 fd 14 56  |7.=u......T....V|
00000de0  5a 3c f4 c1 0e 42 72 d8  80 75 a5 d1 58 3b c6 3d  |Z<...Br..u..X;.=|
00000df0  54 bd 42 0e 5d a9 90 4e  ec 93 75 5b eb b9 b2 69  |T.B.]..N..u[...i|
00000e00  28 d3 43 5c c0 2c 71 59  cb eb ff 17 d0 15 e9 cd  |(.C\.,qY........|
00000e10  7b 27 57 a6 21 ee 70 65  4b a4 a3 65 2e 3a 61 0f  |{'W.!.peK..e.:a.|
00000e20  cf 92 80 51 8c 37 9e 66  51 dd 2a d1 15 e2 0f bf  |...Q.7.fQ.*.....|
00000e30  98 9b 43 e0 5a 79 c2 ed  c9 fd 09 8a f3 87 60 78  |..C.Zy........`x|
00000e40  b8 5f 43 fc 28 cf cd cd  58 ee b8 77 35 5f 9d e5  |._C.(...X..w5_..|
00000e50  f9 54 42 d8 80 70 4b 43  89 a4 e5 1a 29 2f a2 96  |.TB..pKC....)/..|
00000e60  8d 9b c9 9f db 8c 59 23  1d 40 c3 f1 31 0c de c4  |......Y#.@..1...|
00000e70  e6 72 6f 7e 11 fe c3 59  0c fa 3e e5 a2 52 9c 1e  |.ro~...Y..>..R..|
00000e80  34 9f 1d 52 f9 e7 29 1f  51 4c 4e ba 03 59 4f d3  |4..R..).QLN..YO.|
00000e90  85 bb 6b 9e c3 d7 15 de  5f ea 13 82 bb 67 f0 fc  |..k....._....g..|
00000ea0  8a e2 fc 10 79 3c fb ec  e1 ee 07 7e 11 1d 27 9c  |....y<.....~..'.|
00000eb0  d0 cb f3 0b 0c 9d 44 59  57 ba cd b4 cb 28 66 5d  |......DYW....(f]|
00000ec0  cd 48 d6 95 1b ba 9b b3  ae ef 2d f1 dd 12 9f c2  |.H........-.....|
00000ed0  eb b2 5e bb 17 e5 52 e8  fd ab 9b 7d da db e2 ec  |..^...R....}....|
00000ee0  33 52 37 fb 84 57 c6 b1  51 3c ce 9d f6 f7 81 de  |3R7..W..Q<......|
00000ef0  a4 c7 64 b2 a1 67 a7 d9  d0 62 fb 8a f1 fd e8 b1  |..d..g...b......|
00000f00  83 63 fb c3 6c d9 ec 24  0c 04 71 fc 55 06 3d 50  |.c..l..$..q.U.=P|
00000f10  92 5a 3e 8e 24 f5 15 7c  00 62 0c d0 12 16 6a b7  |.Z>.$..|.b....j.|
00000f20  96 8a 89 c0 3b f8 02 6a  d4 18 8f de bc f8 3a 86  |....;..j......:.|
00000f30  f0 18 66 a6 fb d1 8f dd  1a 6f 70 01 66 67 77 67  |..f......op.fgwg|
00000f40  67 67 e7 ff bb 98 2c c2  69 76 44 d5 76 c7 a2 a3  |gg....,.ivD.v...|
00000f50  d6 2d 8c ef 3f 8a 56 ca  b6 ba b9 3a 04 f0 d8 f6  |.-..?.V....:....|
00000f60  58 22 f3 40 51 b8 aa 12  cf 13 db c8 7a 1c dd 6a  |X".@Q.......z..j|
00000f70  68 68 78 59 3c b6 15 70  64 1e b0 90 01 4f 0c b5  |hhxY<..pd....O..|
00000f80  4e 51 68 7b a1 c4 79 32  94 5a 5c 0a b5 ca 27 d5  |NQh{..y2.Z\...'.|
00000f90  5a a7 6d 78 52 36 ca 6d  e8 bb f6 00 34 16 a8 8e  |Z.mxR6.m....4...|
00000fa0  5b a2 81 ce d0 d2 8a a5  cc 57 46 45 48 08 21 ce  |[........WFEH.!.|
00000fb0  02 58 0c 3d cf 53 da 57  8c 1f 6f 88 81 0f 0b 65  |.X.=.S.W..o....e|
00000fc0  51 3f 10 31 51 43 4b 90  13 4a 04 9a b1 74 95 81  |Q?.1QCK..J...t..|
00000fd0  c3 93 8c 5d b3 fb 30 d0  39 c0 90 9c 7c 8e 0b f3  |...]..0.9...|...|
00000fe0  71 1c 44 61 d0 21 65 33  c2 14 9d d3 05 e6 42 2b  |q.Da.!e3......B+|
00000ff0  f5 a8 5b e9 a5 50 c7 d5  0a 1b 33 8e e4 3b 11 9c  |..[..P....3..;..|
00001000  d4 1c 48 51 95 43 36 37  13 8b 74 60 49 68 21 96  |..HQ.C67..t`Ih!.|
00001010  82 47 50 71 11 8a 2c 3c  f0 9f 49 8a 53 65 dc d5  |.GPq..,<..I.Se..|
00001020  13 6d 87 31 d0 0c 74 5a  63 a0 7c 7f d9 df 6b 48  |.m.1..tZc.|...kH|
00001030  00 22 7f 0c 7c 1f 7a 26  98 91 1e 1a 8a ce 73 28  |."..|.z&......s(|
00001040  22 06 e9 5f e2 44 84 2f  db 5c 11 80 14 1f 63 04  |".._.D./.\....c.|
00001050  85 40 95 da d0 f2 83 2a  1f 16 3f ea ee 04 6b f6  |.@.....*..?...k.|
00001060  cd ae 82 a6 8c 67 70 4a  87 18 b5 61 bb 2d 9f cb  |.....gpJ...a.-..|
00001070  69 77 9a 0e d6 ed c2 e1  e3 6d ff f4 b0 7f 7e 3f  |iw.......m....~?|
00001080  7c be ee 1f 5f 7e be bf  1a 02 26 61 f3 a8 53 35  ||..._~....&a..S5|
00001090  26 82 5e c7 4d 5e f3 3c  11 9d c5 85 2b 17 66 cc  |&.^.M^.<....+.f.|
000010a0  85 75 b8 9a ba c0 97 ea  bd 50 97 16 58 8a 50 6a  |.u.......P..X.Pj|
000010b0  8d 00 93 d0 c2 89 1b ab  0b da 27 69 38 5e 5a 3d  |..........'i8^Z=|
000010c0  76 8d cb 53 a8 a2 50 7c  18 60 a5 90 69 d4 13 29  |v..S..P|.`..i..)|
000010d0  3d 69 6b 9b 76 3e eb ab  e1 bf a2 fb 65 c7 6a 56  |=ik.v>......e.jV|
000010e0  9a 07 a2 e8 ab 0c 66 d1  7e 5f 68 4b 9e 40 f1 39  |......f.~_hK.@.9|
000010f0  ba 49 9b 88 23 21 d6 68  71 63 76 41 14 11 5c 34  |.I..#!.hqcvA..\4|
00001100  28 2d 74 25 45 30 82 88  0b 6d 29 79 99 24 d3 be  |(-t%E0...m)y.$..|
00001110  85 4c a7 d3 ce 64 7e d2  ad e0 2c 27 70 ef cc e4  |.L...d~...,'p...|
00001120  9c 73 cf bd f8 71 fa be  7b de b5 89 7f 26 a1 ac  |.s...q..{....&..|
00001130  66 93 8b a6 bd 20 7e 07  fc 8a 55 a9 08 cc c8 5f  |f.... ~...U...._|
00001140  a3 da 4c 53 d7 37 67 f8  a7 cd a5 74 f3 22 9e e5  |..LS.7g....t."..|
00001150  89 1c 7d 78 f5 7f da 25  71 f9 76 db ca 23 5b 61  |..}x...%q.v..#[a|
00001160  25 b6 d7 94 3c 13 84 94  5d 34 69 b9 06 96 17 ae  |%...<...]4i.....|
00001170  39 47 10 77 61 5a c8 41  d3 e2 ba 36 2a 4e d0 a4  |9G.waZ.A...6*N..|
00001180  a0 32 2a 41 45 8f 64 7b  5e 15 39 43 9d cc a8 89  |.2*AE.d{^.9C....|
00001190  d5 6a 81 fc 3e 46 77 09  1a 46 c0 00 0d b0 48 07  |.j..>Fw..F....H.|
000011a0  f9 68 5c c4 ef 68 16 2d  e3 34 9f 4e b4 52 47 a6  |.h\..h.-.4.N.RG.|
000011b0  1b c6 de 8e 7a 68 69 a5  93 34 76 81 fc 26 c2 2e  |....zhi..4v..&..|
000011c0  7f e3 55 ad 59 f5 87 dd  53 ff 02 fa 0c 5e 42 c6  |..U.Y...S....^B.|
000011d0  1d 71 a3 80 cd 0e 3b 8c  09 e8 29 64 16 67 eb f3  |.q....;...)d.g..|
000011e0  cb 1e 47 d1 01 50 93 53  fe fc 2b 5d 0e 3f e1 f8  |..G..P.S..+].?..|
000011f0  73 38 1b 87 73 a0 70 38  da b1 13 10 47 4f 32 76  |s8..s.p8....GO2v|
00001200  68 46 32 1c 5c 05 32 74  6a ff 6b e0 0a 74 6a fb  |hF2.\.2tj.k..tj.|
00001210  8a d3 ad 7b 30 69 cd 17  48 c4 84 6d b7 a5 01 b1  |...{0i..H..m....|
00001220  94 3c 47 e8 e1 7a 31 4f  b2 ef db fc ed 11 25 13  |.<G..z1O......%.|
00001230  d0 00 d9 3c 45 83 97 62  f4 b9 7c 7d 2a e2 1b 34  |...<E..b..|}*..4|
00001240  8c c8 a7 ec eb a3 18 47  f9 6c 2a 30 1b 93 c6 5d  |.......G.l*0...]|
00001250  bf 1d 21 d8 61 1f 7a 8e  1b d4 c5 a2 c6 f5 09 50  |..!.a.z........P|
00001260  25 a8 ab 68 4d bb d7 73  7d 87 58 92 13 89 21 11  |%..hM..s}.X...!.|
00001270  35 14 9a a6 b0 77 79 0c  3d 17 9b 53 46 dd 7f 38  |5....wy.=..SF..8|
00001280  b3 9a de 86 41 18 fa 57  48 a4 69 a9 b4 56 5d cf  |....A..WH.i..V].|
00001290  cd 6e f9 15 ed 6e dd 21  bd 6c 87 5d fb df 27 7f  |.n...n.!.l.]..'.|
000012a0  00 36 18 87 2e 52 53 05  81 8d 13 63 de 7b 6c 61  |.6...RS....c.{la|
000012b0  d4 cb ca 35 ff 7a 75 8b  be e5 2f fa 25 44 dc e1  |...5.zu.../.%D..|
000012c0  34 0e a8 83 5e 1d 14 e6  00 28 67 52 66 9e c4 09  |4...^....(gRf...|
000012d0  d8 26 05 c9 5a 00 32 32  4b 5a 00 f8 74 50 2d 5d  |.&..Z.22KZ..tP-]|
000012e0  84 e4 25 0a d2 e2 a3 a8  b4 0b d0 2b fa fd a6 2c  |..%........+...,|
000012f0  9b 76 db db 58 9a f8 61  03 4c b0 a6 2c fa 97 24  |.v..X..a.L..,..$|
00001300  4d 5e 79 95 eb 01 37 67  84 e2 6f 30 a0 a2 70 ca  |M^y...7g..o0..p.|
00001310  c3 73 bb 6b 70 a5 f6 d2  78 4f c1 51 93 39 78 c5  |.s.kp...xO.Q.9x.|
00001320  47 f6 7c 2e 89 33 0a e8  1f 67 67 a9 b5 12 eb 9e  |G.|..3...gg.....|
00001330  fd 89 d4 ae d3 ff 02 2d  1e 48 21 e2 c5 2a 67 02  |.......-.H!..*g.|
00001340  28 53 14 84 5a ff 7c 62  03 27 31 fa 3c 06 d6 15  |(S..Z.|b.'1.<...|
00001350  e1 50 04 b2 e7 70 02 46  8a 2d c0 9f 06 c2 b2 d0  |.P...p.F.-......|
00001360  46 dd 80 a7 0e c4 53 01  f5 ea b6 8b e6 ae 51 cc  |F.....S.......Q.|
00001370  1f c7 b7 20 7f 47 16 f7  0b 8d 3f 08 dd e7 94 9e  |... .G....?.....|
00001380  ee 61 0e c7 f4 74 fb fa  41 3c f7 9e 5a 80 54 29  |.a...t..A<..Z.T)|
00001390  b5 4d 94 f0 1c 98 9c 16  84 cc 76 66 12 16 ee a6  |.M........vf....|
000013a0  16 c1 fa 07 85 a8 4f a3  e2 c5 4b 63 78 85 ad 78  |......O...Kcx..x|
000013b0  c6 fb 19 ef 1f 78 7f 31  f7 52 18 08 51 ad dd b9  |.....x.1.R..Q...|
000013c0  89 ae 5a c5 38 2f 8b 32  ad 73 4a 3f 54 f0 31 a2  |..Z.8/.2.sJ?T.1.|
000013d0  e6 ae 55 1a e2 77 ac c0  84 10 39 b4 3d d2 34 74  |..U..w....9.=.4t|
000013e0  db 54 6d 8c f8 01 84 9b  a6 b9 4f c3 dc ce 36 b7  |.Tm.......O...6.|
000013f0  df 2b 17 ea 3b 9b 4a 53  ad 3a 3c b6 27 f4 27 cc  |.+..;.JS.:<.'.'.|
00001400  e1 02 f4 e0 22 98 02 91  5d 48 30 32 e0 8a 71 d4  |...."...]H02..q.|
00001410  d4 d8 22 87 0c 4f c0 b4  60 1f 89 21 dc 7a c2 9a  |.."..O..`..!.z..|
00001420  d8 a0 4e ae e5 42 8d 0f  3b d4 e8 c0 55 4e 64 e2  |..N..B..;...UNd.|
00001430  2f 27 50 bb 76 90 31 7d  54 3e da 18 3a 48 a8 28  |/'P.v.1}T>..:H.(|
00001440  35 37 31 33 0f 36 e3 83  3c 21 0c 72 5e 16 ba d3  |5713.6..<!.r^...|
00001450  a0 76 94 14 65 e6 42 63  ca 48 4f 0f b9 79 09 b3  |.v..e.Bc.HO..y..|
00001460  02 49 45 16 68 12 1a a1  02 31 62 37 b9 f7 c9 de  |.IE.h....1b7....|
00001470  39 cf d7 20 3a dd e0 d6  52 91 a1 8e 42 91 11 a8  |9.. :...R...B...|
00001480  79 a4 01 1b b6 d2 81 8d  30 c5 a2 0e 5f e7 17 14  |y.......0..._...|
00001490  57 29 d8 c2 66 c9 b1 29  47 4f e5 e0 c2 41 43 49  |W)..f..)GO...ACI|
000014a0  11 54 f2 da 2a 69 82 4a  09 23 6c 0a 6c 08 29 b0  |.T..*i.J.#l.l.).|
000014b0  23 a4 c0 16 49 01 7a 62  41 19 ea 89 c6 3a 4e 60  |#...I.zbA....:N`|
000014c0  a8 80 cb dd f1 60 23 0d  71 b9 1a 8f 34 c8 cd 78  |.....`#.q...4..x|
000014d0  a4 01 b3 c5 2f ad 8a 4f  1a 5c de 1a 60 49 f2 e0  |..../..O.\..`I..|
000014e0  24 08 f1 a7 9e 1e 28 be  62 b1 27 15 88 12 90 02  |$.....(.b.'.....|
000014f0  f8 f0 29 c6 b0 1d d6 c4  07 4b 5a b5 c8 03 1a 1a  |..)......KZ.....|
00001500  18 03 b7 90 74 ae a3 90  a9 a0 ad 60 08 1b c0 85  |....t......`....|
00001510  34 af 6b b9 00 50 4b 03  04 14 00 00 08 08 00 05  |4.k..PK.........|
00001520  5b ee 5a 02 40 72 9f 76  04 00 00 e5 09 00 00 0f  |[.Z.@r.v........|
00001530  00 00 00 73 72 63 2f 65  78 65 63 75 74 6f 72 2e  |...src/executor.|
00001540  63 6a ac 54 cf 4f 1b 47  14 be fb af 78 70 08 b6  |cj.T.O.G....xp..|
00001550  70 d6 a5 47 14 37 b4 6a  55 51 a9 a5 12 bd 55 1c  |p..G.7.jUQ....U.|
00001560  86 65 bc cc b2 de b5 66  c7 81 14 90 70 b0 8c 51  |.e.....f....p..Q|
00001570  37 76 4a 20 21 ae 13 4a  9a 80 1b 01 b6 44 94 10  |7vJ !..J.....D..|
00001580  db 09 ff 8c 67 7f 9c f8  17 aa d9 f5 1a 3b 4e 7b  |....g........;N{|
00001590  69 e7 b0 d6 cc 3c 7f df  37 ef 7b ef 65 90 bc 84  |i....<..7.{.e...|
000015a0  14 0c 8a 6a 1a 7a 24 92  48 00 5e c1 72 96 19 54  |...j.z$.H.^.r..T|
000015b0  92 55 b8 09 bc 58 70 8e  5a 4e 25 ef bd b2 dc 7a  |.U...Xp.ZN%....z|
000015c0  8e ef 58 f6 f6 b1 7b 68  79 1b 2d f7 c3 6f 22 9e  |..X...{hy.-..o".|
000015d0  1f 34 3b cd d2 b7 86 b3  5d b4 ab 27 4e 25 df 69  |.4;.....]..'N%.i|
000015e0  ef 73 eb 91 5d 3b e4 ed  f2 55 db e2 8d 82 80 fc  |.s..];...U......|
000015f0  de 58 20 29 82 29 df b1  c4 76 96 21 46 64 be f5  |.X ).)...v.!Fd..|
00001600  de de 6b 74 5a 25 9f 5e  92 55 e7 b8 e5 6e 9d db  |..ktZ%.^.U...n..|
00001610  a7 2f ec 47 5b 9d d6 1b  81 df b9 7c 6a 5b 39 37  |./.G[......|j[97|
00001620  67 b9 af ff 0c d4 5c b5  2b 61 7c e7 e2 a1 7d 5e  |g.....\.+a|...}^|
00001630  eb 34 4b f6 1f 17 fc 72  f3 cb 1f a7 af da 56 df  |.4K....r......V.|
00001640  0b f8 8b bc f3 a0 e0 be  ad f3 0f f9 01 e1 e1 4b  |...............K|
00001650  43 59 b0 88 f4 05 0d 9b  90 0e 0f 32 88 2d 9a a0  |CY.........2.-..|
00001660  91 25 0c 53 19 8a 19 bb  1b 87 29 8a ef 60 6a e2  |.%.S......)..`j.|
00001670  38 60 26 4b 91 4c 76 5e  23 32 a4 b2 ba 3c 00 16  |8`&K.Lv^#2...<..|
00001680  15 ea 26 61 96 51 a2 2b  71 1f 29 dc c5 26 21 1a  |..&a.Q.+q.)..&!.|
00001690  9e 87 bf 5f 19 86 16 83  d5 08 00 00 49 41 54 c4  |..._........IAT.|
000016a0  4b 26 f9 05 c3 2d f8 1c  d6 d6 7c 80 9f 3f 9b 83  |K&...-....|..?..|
000016b0  91 24 cc 8f 4d 8d 85 b1  62 51 cc b2 54 87 e8 e8  |.$..M...bQ..T...|
000016c0  68 1c 04 6b 1c 52 48 33  71 cc 0f 58 f7 bf fe e7  |h..k.RH3q..X....|
000016d0  0e a2 40 20 09 13 fe 6e  79 91 68 18 a2 04 6e c1  |..@ ...ny.h...n.|
000016e0  35 d9 8d 1b 01 11 e9 12  49 63 43 47 6b c3 47 93  |5.......IcCGk.G.|
000016f0  03 72 c8 f8 f8 c7 cc 1a  66 a0 a3 34 86 64 80 35  |.r......f..4.d.5|
00001700  21 49 64 ae 77 13 45 54  89 83 8e 97 a7 63 90 f4  |!Id.w.ET.....c..|
00001710  5f ff 8f a2 92 42 c1 20  5d 22 01 df ac 30 8a 64  |_....B. ]"...0.d|
00001720  06 88 2a d9 34 d6 19 a0  14 c3 14 64 43 33 74 b8  |..*.4......dC3t.|
00001730  09 8a 01 cc 00 ac 2f 80  91 02 d3 4f 38 18 14 74  |....../....O8..t|
00001740  bc c2 80 62 a4 81 89 33  88 22 66 d0 1e a8 48 95  |...b...3."f...H.|
00001750  2a c4 c0 78 37 5d 5d 2a  5e 7f d7 69 96 78 61 87  |*..x7]]*^..i.xa.|
00001760  97 df f2 07 25 a7 92 e7  e5 7b f6 5e 43 14 79 f9  |....%....{.^C.y.|
00001770  95 5d dd e6 d5 9a 97 db  e2 c5 86 73 ef 9d 88 29  |.].........s...)|
00001780  16 bc ca ae 73 72 64 3f  7e 63 6f df e7 b9 aa 7d  |....srd?~co....}|
00001790  fa fc aa 6d 39 67 87 5e  ee a1 73 72 c4 cb 75 77  |...m9g.^..sr..uw|
000017a0  f3 bd bd 5f 0f 70 44 ef  5c 6c 78 9b 35 5e 2c f4  |..._.pD.\lx.5^,.|
000017b0  78 bb 56 a9 9f cc 8a da  b3 aa 3f 2b 62 a9 5d 23  |x.V.......?+b.]#|
000017c0  ae cd 10 2b 1a b8 39 3e  21 49 ea 5c 1c d4 6e 99  |...+..9>!I.\..n.|
000017d0  00 d6 4c dc 07 e0 57 13  19 aa 21 e1 4e d8 1e a6  |..L...W...!.N...|
000017e0  24 1b 3a 43 44 37 a3 c2  dc 58 3f bf f0 b5 d7 46  |$.:CD7...X?....F|
000017f0  49 b8 fe 8b 82 59 10 0d  b7 6f 0f a8 5d 85 c1 8e  |I....Y...o..]...|
00001800  41 54 09 37 90 fc c2 bf  84 75 61 41 0a 69 da 3c  |AT.7.....uaA.i.<|
00001810  92 97 06 b8 28 36 b3 1a  eb 63 8a 06 9d 80 a8 12  |....(6...c......|
00001820  fb 28 30 8d 88 ee 83 fa  8f 11 65 d7 9f d7 18 ac  |.(0.......e.....|
00001830  06 35 2a 2e 24 69 ae 97  19 18 1d ed cb 62 d8 73  |.5*.$i.......b.s|
00001840  3d b8 78 57 42 1c 18 cd  0e f7 9e 18 62 17 f7 f9  |=.xWB.......b...|
00001850  e9 3e af d6 84 c7 97 67  de cb 86 b0 bf b9 eb d6  |.>.....g........|
00001860  5f ba 97 bb fc f7 67 bc  74 c0 8f 7f fd 6e 76 e6  |_.....g.t....nv.|
00001870  87 c8 ff a8 f6 13 4a 83  d4 04 3a d7 7b 63 30 18  |......J...:.{c0.|
00001880  c7 bd 21 68 06 db 60 04  9a 0c 51 26 92 b6 4c d8  |..!h..`...Q&..L.|
00001890  22 8c 0c 4d bd e0 bf ff  61 e6 25 12 f0 d3 cc d7  |"..M....a.%.....|
000018a0  33 93 30 9d ce 68 d8 6f  e2 3e 01 60 de 35 19 4e  |3.0..h.o.>.`.5.N|
000018b0  47 ba 4d e8 3d 7d 62 6f  e4 82 89 ee 9c b7 9c d6  |G.M.=}bo........|
000018c0  81 e8 c3 b3 67 4e a9 e1  3d cf 3b 7b 4f 9c bf 9a  |....gN..=.;{O...|
000018d0  de e3 d7 91 7f 1d 8e c1  c3 ff 56 66 31 ac c0 f6  |..........Vf1...|
000018e0  2f 82 06 c0 b3 c5 0d cf  e6 2f 85 d6 17 33 d6 3f  |/......../...3.?|
000018f0  9d b0 ec c9 ee a5 f0 08  7b d6 31 0d 62 fd b3 05  |........{.1.b...|
00001900  ed 2f d6 b7 81 a2 70 4f  c3 d3 e5 dd 28 41 82 69  |./....pO....(A.i|
00001910  aa 06 5a 05 00 2a ef a1  d9 05 1a 41 88 42 d8 4e  |..Z..*.....A.B.N|
00001920  c1 10 54 c4 6a c0 8a 7c  5b 48 91 8f 5c 0b 80 85  |..T.j..|[H..\...|
00001930  14 d5 91 a3 af b4 24 35  20 b1 24 03 e6 9d 62 85  |......$5 .$...b.|
00001940  e7 bb e7 3f d9 d1 f0 7c  56 0b c4 2b 08 1f 80 eb  |...?...|V..+....|
00001950  c0 a7 ad 4b 9f f6 2f c6  88 48 74 53 a8 57 8d d9  |...K../..HtS.W..|
00001960  2a 18 92 53 69 e5 26 96  24 67 c0 c3 02 d9 84 e4  |*..Si.&.$g......|
00001970  c4 e2 54 48 c0 d8 da 29  a0 14 25 a0 7c ad e8 92  |..TH...)..%.|...|
00001980  59 9c 98 94 93 0a f7 09  60 e8 a5 23 52 d0 63 d4  |Y.......`..#R.c.|
00001990  db 90 fa 5a 13 45 3d 46  09 89 66 08 f6 ea 17 ae  |...Z.E=F..f.....|
000019a0  1b dd d9 8a 98 ce 46 72  0d 52 7e 42 77 0b 58 7f  |......Fr.R~Bw.X.|
000019b0  3c 2e cd b8 1a 01 b5 00  50 4b 03 04 14 00 00 08  |<.......PK......|
000019c0  08 00 05 5b ee 5a 40 96  da db b8 0b 00 00 71 25  |...[.Z@.......q%|
000019d0  00 00 0c 00 00 00 73 72  63 2f 67 6a 73 6f 6e 2e  |......src/gjson.|
000019e0  63 6a 8c 55 41 4f 13 41  14 be f7 57 3c 2e 76 57  |cj.UAO.A...W<.vW|
000019f0  9b 69 49 8c 31 84 12 44  0f 62 10 8c 0d 72 20 c4  |.iI.1..D.b...r .|
00001a00  6c 77 5f db 91 61 76 33  33 8b 20 34 e9 81 68 88  |lw_..av33. 4..h.|
00001a10  17 0e 26 06 63 f0 20 51  4c f4 60 34 d1 08 84 3f  |..&.c. QL.`4...?|
00001a20  43 59 7e 86 99 d9 6d d9  ed b6 c6 39 6c 76 67 de  |CY~...m....9lvg.|
00001a30  fb be f7 be f7 4d 1b 38  ee aa d3 44 68 3e 93 3e  |.....M.8...Dh>.>|
00001a40  2f d0 b5 c0 17 0a a4 f2  88 eb f3 75 14 8a 3c 72  |/..........u..<r|
00001a50  84 74 ea 0c b3 67 8c a1  ab a8 cf c9 1d 21 9c cd  |.t...g.......!..|
00001a60  39 2a 55 fa 3c e4 d4 f5  3d 24 d7 0b 85 20 ac 33  |9*U.<...=$... .3|
00001a70  ea 42 23 e4 2e 04 8e 90  68 69 a2 09 a8 29 41 79  |.B#.....hi...)Ay|
00001a80  d3 9e 80 c7 28 43 a6 60  ab 00 00 b0 ee 08 a0 50  |....(C.`.......P|
00001a90  85 8a f9 2a 97 e1 f2 d7  8f cb b3 57 dd 93 4e f7  |...*.......W..N.|
00001aa0  f0 67 f4 6e 27 fa f2 27  da 3f ed 7e 7b 1b 7d fd  |.g.n'..'.?.~{.}.|
00001ab0  64 42 9e b7 28 43 b0 28  4c 82 c6 25 92 be 40 b8  |dB..(C.(L..%..@.|
00001ac0  76 0d a8 5c 6a 51 85 32  70 5c 5c 10 77 7d ae 84  |v..\jQ.2p\\.w}..|
00001ad0  cf 0c f5 32 5d b1 ed 84  4e 2f 7a e3 86 79 6f 9b  |...2]...N/z..yo.|
00001ae0  a7 79 d0 86 46 9c aa 5e  41 a6 13 04 aa 50 70 70  |.y..F..^A....Ppp|
00001af0  05 3a 0a e7 43 c6 e2 0e  2c 7b 10 a6 5c 86 f3 d3  |.:..C...,{..\...|
00001b00  b3 e8 cd 51 74 fc e1 fc  77 e7 f2 f3 c7 8b 83 bd  |...Qt...w.......|
00001b10  ee fe 51 f7 70 27 da 7b  79 b1 db b9 78 bf fb a0  |..Q.p'.{y...x...|
00001b20  b6 30 df ed 9c 44 df 8f  bb 07 af 4d 16 43 05 d6  |.0...D.....M.C..|
00001b30  d3 12 08 83 5a 02 19 ba  2e 4a 69 43 35 d6 ef 89  |....Z....JiC5...|
00001b40  c3 42 5c a2 aa b5 c8 69  83 a2 37 e7 37 a9 6b 3a  |.B\....i..7.7.k:|
00001b50  2b c1 2c 57 b7 6e 5a d4  b6 fb 6d f4 b3 73 f5 c7  |+.,W.nZ...m..s..|
00001b60  f8 83 35 8f 6e ae 9d 9d  65 13 d5 cc a6 42 99 8c  |..5.n...e....B..|
00001b70  d3 d8 60 52 ef 4c 95 20  70 54 6b d4 84 13 82 26  |..`R.L. pTk....&|
00001b80  2a 2b b6 00 69 08 7f 6d  51 35 6e 1b 24 3b ce b6  |*+..i..mQ5n.$;..|
00001b90  0b ed 21 d6 19 41 38 68  a2 84 22 76 db 50 92 1c  |..!..A8h.."v.P..|
00001ba0  bc 2e 27 ed cb 7f f7 a0  85 d5 55 c6 6e 9b 82 f1  |..'.......U.n...|
00001bb0  b4 bc e5 32 dc 77 b8 c7  10 d6 7c 4f 4f 48 48 b0  |...2.w....|OOHH.|
00001bc0  a6 6d 70 b8 07 52 39 8a  ba 06 5b 82 35 66 5f 99  |.mp..R9...[.5f_.|
00001bd0  b0 01 96 81 5c ae ac 40  b5 0a f5 e2 74 51 db 78  |....\..@....tQ.x|
00001be0  ec 1e 35 97 ef 61 0f ca  86 ed 6d c8 04 8e 15 d3  |..5..a....m.....|
00001bf0  ec 7d 07 71 1d 54 02 11  1b c3 5f d5 fe e9 d5 9d  |.}.q.T...._.....|
00001c00  22 19 cc d5 0b 37 d0 ed  11 26 c6 8a 67 92 0e 6a  |"....7...&..g..j|
00001c10  03 32 89 23 b2 6b a6 cf  d1 b9 19 24 5d 95 ae 2f  |.2.#.k.....$]../|
00001c20  0f a5 4f 78 5a e8 8a d6  24 de ea f7 b0 5d d4 92  |..OxZ...$....]..|
00001c30  64 f7 48 d1 1e 86 d7 13  47 a0 84 aa 99 79 22 4f  |d.H.....G....y"O|
00001c40  9c 3d 4e c8 8a 9d 2b 02  32 57 86 48 54 b3 dc c3  |.=N...+.2W.HT...|
00001c50  0d ab 92 0f 6d 17 46 24  c6 56 34 64 03 2a 16 ae  |....m.F$.V4d.*..|
00001c60  de 86 38 48 86 75 89 fa  97 d6 d7 26 5a 26 84 ac  |..8H.u.....&Z&..|
00001c70  80 2f 60 8b 10 d2 ce 9a  27 d3 fe 72 31 e7 92 ad  |./`.....'..r1...|
00001c80  e1 2e 91 c8 64 d2 7e cf  24 a6 d6 5a 58 af f5 88  |....d.~.$..ZX...|
00001c90  ad fc f0 47 8f 4c cb bb  4a b9 67 80 0c 7f 4e 13  |...G.L..J.g...N.|
00001ca0  1d 52 0f 29 f3 50 40 35  b9 6f 33 f1 b7 95 d7 34  |.R.).P@5.o3....4|
00001cb0  89 24 4e 10 20 f7 2c 8d  9d 0f ca fe 6d a4 57 c3  |.$N. .,.....m.W.|
00001cc0  17 60 49 64 40 39 e8 66  ff cf 16 7f 39 af 7a 9e  |.`Id@9.f....9.z.|
00001cd0  36 82 20 da fb 57 8c 2b  df c9 e6 64 bb b4 e4 7f  |6. ..W.+...d....|
00001ce0  10 c9 55 2a 48 71 5e 16  65 93 c3 9c ee 16 b8 06  |..U*Hq^.e.......|
00001cf0  09 7a 10 15 1f a2 83 86  8e 48 51 0a a4 f8 e7 d8  |.z.......HQ.....|
00001d00  81 2e 7f 21 9a 5d ef e7  ed 9d 93 5c 85 bc cb cc  |...!.].....\....|
00001d10  ec cc db f7 de 4a 54 94  34 4b ea 67 b7 bb 8e 80  |.....JT.4K.g....|
00001d20  a0 15 2b 79 19 35 02 0e  8c a0 c0 b0 6d 13 6e f4  |..+y.5......m.n.|
00001d30  4e 3b ef 0d 7a 61 44 82  03 1e ff c3 7c 72 0a e1  |N;..zaD.....|r..|
00001d40  d9 87 f6 e3 69 17 e9 21  d5 77 6d 5b ad 81 7a 55  |....i..!.wm[..zU|
00001d50  8c e6 9a a1 8d 3a fc b2  10 29 59 5a 72 98 02 46  |.....:...)YZr..F|
00001d60  9d 1d 7c 48 4b 1e b5 8f  c5 fe 7f af 9b b4 24 69  |..|HK.........$i|
00001d70  4e 23 8c 18 6f a9 b0 75  b5 36 a4 c9 7f 0d c9 0b  |N#..o..u.6......|
00001d80  83 58 2a d2 d3 e6 48 ca  a8 f8 df d9 5f f0 50 e0  |.X*...H....._.P.|
00001d90  16 41 1f c6 71 f0 72 4a  7a 94 fe 06 fd c9 c6 df  |.A..q.rJz.......|
00001da0  a8 18 fc 48 de d9 28 d0  c4 3a 63 37 a1 c8 a2 54  |...H..(..:c7...T|
00001db0  24 e2 36 06 6e a4 d5 82  96 8d 6c 0a 86 53 11 46  |$.6.n.....l..S.F|
00001dc0  84 57 30 05 f4 b2 14 cd  20 ad a4 de 1b a3 64 c9  |.W0..... .....d.|
00001dd0  cc 14 c6 a8 33 9e a2 e8  9f 46 46 64 ac b3 11 5e  |....3....FFd...^|
00001de0  25 19 5b 88 d6 f1 e2 98  ea 05 c1 a7 c2 1e 45 84  |%.[...........E.|
00001df0  57 03 18 4a 35 dd 1d 6b  b5 a9 49 a9 20 2d 86 94  |W..J5..k..I. -..|
00001e00  35 4c 92 a0 07 55 55 6f  0c 6d db 3d 17 f9 67 f3  |5L...UUo.m.=..g.|
00001e10  2f 94 70 59 00 83 3e 8c  42 92 8e 41 e7 05 4d bf  |/.pY..>.B..A..M.|
00001e20  86 84 be 96 6d 37 e8 1d  fc d3 fe 6b b2 8e 8b ea  |....m7.....k....|
00001e30  cd 04 31 39 36 38 67 39  dd b7 d3 1a 35 c7 e5 13  |..1968g9....5...|
00001e40  b4 c6 02 4e 6a b3 41 68  8b 84 cb 54 07 2c cb a4  |...Nj.Ah...T.,..|
00001e50  b2 4b f6 27 bc 8a 1d 4b  ac 12 a0 77 44 93 47 b3  |.K.'...K...wD.G.|
00001e60  9c 16 c2 3e e2 43 a8 ec  08 23 69 f1 94 e7 82 e5  |...>.C...#i.....|
00001e70  1f 9b da cd 84 2d e0 ed  c0 28 4e 12 87 77 b5 b4  |.....-...(N..w..|
00001e80  33 c7 ed 38 3f 25 b5 41  68 b9 d1 98 65 18 fc 13  |3..8?%.Ah...e...|
00001e90  74 71 ff de 5e 70 72 da  35 8b ed 7d 40 37 b4 e5  |tq..^pr.5..}@7..|
00001ea0  76 81 6d b6 f9 67 6c 8c  68 82 db 4a e3 a9 09 af  |v.m..gl.h..J....|
00001eb0  26 ce 1d 8c 27 f0 71 c1  94 6f 57 53 96 63 2c d2  |&...'.q..oWS.c,.|
00001ec0  53 c7 f6 75 71 89 a4 19  d9 f7 dc f6 6a 79 bf be  |S..uq.......jy..|
00001ed0  bc c5 c7 e1 8f a7 f5 f2  e6 fd e5 f1 ed e5 ee f7  |................|
00001ee0  f2 41 be bd e4 5b 71 f5  fa 7d 7d 71 fd f6 fc f3  |.A...[q..}}q....|
00001ef0  fd fc 72 f5 7a f5 eb fe  1b c3 fa fe 10 63 3d af  |..r.z........c=.|
00001f00  4d 3c 51 fc de bf 62 08  d2 cd f2 e5 bb 54 e8 49  |M<Q...b......T.I|
00001f10  9a 1c 14 bc a9 07 2f 01  73 19 c2 96 5d 48 13 d9  |....../.s...]H..|
00001f20  d9 50 4b 08 14 7f 60 85  96 56 50 90 92 08 15 2a  |.PK...`..VP....*|
00001f30  1e b4 09 c5 83 d2 36 fe  33 d9 dd f4 e4 bf 20 6f  |......6.3..... o|
00001f40  7e cf ec 6c c1 93 87 85  dd 7d f3 e6 cd 7b 6f de  |~..l.....}...{o.|
00001f50  af cf a3 cd fc 68 5c 7c  ff a4 6f 97 7d 7e 9e 7f  |.....h\|..o.}~..|
00001f60  1c 27 78 5b 72 e6 1f a6  a0 47 71 fc 32 fb 76 b4  |.'x[r....Gq.2.v.|
00001f70  f8 71 fe fb 72 3f df 7b  bb b8 f8 9a 1d 4e 17 17  |.q..r?.{.....N..|
00001f80  a7 d7 bb c7 cb 5f af f3  e9 bb e5 fc 45 36 9e 65  |....._......E6.e|
00001f90  93 dd 7c 72 ca 4e c1 64  ca dd 69 9b 02 72 8d 56  |..|r.N.d..i..r.V|
00001fa0  a5 42 ed 8d 8a f1 53 1c  73 36 59 4e df 73 d9 5f  |.B....S.s6YN.s._|
00001fb0  4e b2 cb c3 6c ff e7 f5  ab 83 fc cd 3c db 9b 15  |N...l.......<...|
00001fc0  e7 f3 e2 e4 6c 71 75 50  5c 9d 95 66 83 04 6f df  |....lquP\..f..o.|
00001fd0  8f 13 92 de 8b 70 c2 a7  02 b7 d9 7d 34 44 06 05  |.....p.....}4D..|
00001fe0  d2 a1 c8 56 70 93 d6 3c  ab fa 18 99 ab ae 26 f2  |...Vp..<......&.|
00001ff0  ff 91 43 c2 7f e8 b6 5f  d5 f6 6b a9 c6 38 ee ea  |..C...._..k..8..|
00002000  2a 62 a4 20 80 4b 5a de  95 b2 18 bf ab 2a 90 f0  |*b. .KZ......*..|
00002010  44 ec ac aa e5 44 88 4a  b5 76 b4 52 7e 93 a2 8d  |D....D.J.v.R~...|
00002020  9c 24 a7 06 3e a1 c3 bb  2f 00 03 96 4f 92 41 2f  |.$..>.../...O.A/|
00002030  8c 53 1e 4f 04 a5 51 48  7f 21 18 8f e9 17 3c ed  |.S.O..QH.!....<.|
00002040  41 ab d5 6a b1 28 63 0c  25 38 05 78 54 3c 29 17  |A..j.(c.%8.xT<).|
00002050  6c a0 75 17 0a e0 ad 79  2b 4a 17 b8 1e 11 b5 0a  |l.u....y+J......|
00002060  b5 72 10 ac b3 1c b0 85  d3 4e 84 ea b0 79 90 26  |.r.......N...y.&|
00002070  3b 34 86 eb 35 af dd 1e  0c 6f 0d a3 f0 d9 68 e4  |;4..5....o....h.|
00002080  d5 0c 5f 76 30 09 d1 e3  fe 56 58 4f 7c d4 68 ca  |.._v0....VXO|.h.|
00002090  f4 6b 2e 78 d8 ef 85 3a  55 1d 46 cd e7 9d 2e 26  |.k.x...:U.F....&|
000020a0  c4 c8 1a 5c 0c a7 c3 91  75 1b e8 34 08 38 ea 00  |...\....u..4.8..|
000020b0  81 10 d8 44 a8 11 55 8c  b4 d8 dc 41 77 fb fd ae  |...D..U....Aw...|
000020c0  cd 46 d3 90 9b 44 7b 00  4e 62 5e e8 d9 4e d2 cc  |.F...D{.Nb^..N..|
000020d0  94 46 31 a1 15 9e 5b dc  24 c8 7b e4 86 9a e4 3a  |.F1...[.$.{....:|
000020e0  38 29 6a a0 5a cd 64 a7  0a a0 06 da c4 5d 12 9a  |8)j.Z.d......]..|
000020f0  24 aa 80 9b 24 9a 18 c5  05 de b0 c0 92 07 b8 b7  |$...$...........|
00002100  e3 00 4c 88 00 82 98 a6  4d 5f 7c 33 eb 37 b9 e6  |..L.....M_|3.7..|
00002110  bc 6a 0f ba 29 08 32 56  d0 6a 47 e8 8d 05 08 ec  |.j..).2V.jG.....|
00002120  69 88 53 e1 3b d1 6f 1a  39 46 2d b7 db 02 a0 f0  |i.S.;.o.9F-.....|
00002130  29 94 3c 89 55 29 e3 82  69 72 91 b8 8f de 0e 8d  |).<.U)..ir......|
00002140  f4 aa cf 57 3b f0 22 30  c1 8d 08 d8 df 19 e3 9f  |...W;."0........|
00002150  18 42 1a 41 29 72 93 25  c0 0a 2c 1c 35 7c a0 1c  |.B.A)r.%..,.5|..|
00002160  8d d0 03 b9 82 4a 78 c5  a0 a9 18 d1 d9 2c fc cd  |.....Jx......,..|
00002170  8e 18 58 ca 87 42 eb ca  2b a7 ab 44 a2 b0 e7 12  |..X..B..+..D....|
00002180  ac f1 87 31 eb d9 4d 1f  86 c1 af 12 f5 d2 20 0a  |...1..M....... .|
00002190  1a 57 44 7f fa 3d c2 24  8e 13 9a 28 05 ad 80 00  |.WD..=.$...(....|
000021a0  b5 9d 76 60 bc fb 64 c7  71 9c 3f 2d f4 c2 d6 38  |..v`..d.q.?-...8|
000021b0  76 e2 38 f6 e7 af 22 71  6a 66 b2 57 42 ec 5f c1  |v.8..."qjf.WB._.|
000021c0  2b 82 2b 3d 11 11 0c 74  82 3d b5 68 1a 31 19 96  |+.+=...t.=.h.1..|
000021d0  98 58 60 cd 5e 9f 9a 1b  ee b5 d9 9e 15 b0 34 d7  |.X`.^.........4.|
000021e0  56 e5 f7 9c 25 eb fd 0d  97 bf e0 37 bb eb 19 73  |V...%......7...s|
000021f0  c3 1b bf e9 fa 6d db 7b  32 96 66 f4 c4 ae 27 be  |.....m.{2.f...'.|
00002200  c2 e6 d2 a0 0f be bb af  f5 fe ac c3 ab 02 fc 08  |................|
00002210  e1 00 63 af 8c bb 7f b1  39 9d 65 d4 c3 e0 62 e6  |..c.....9.e...b.|
00002220  f3 46 d0 66 49 5e 50 4e  96 13 d1 dc 86 94 e1 3f  |.F.fI^PN.......?|
00002230  d3 45 a0 8e ff 02 77 cf  b7 75 0d fd bf 1b f7 1d  |.E....w..u......|
00002240  04 4f e4 0e 9c 4c 5e 43  60 2b 3b 0b f1 fd 80 81  |.O...L^C`+;.....|
00002250  b8 74 0f 15 3e 02 dc 21  94 c0 22 86 88 1a aa 58  |.t..>..!.."....X|
00002260  d8 a0 d3 e8 7f 33 78 50  da 2d ad 34 98 96 41 3a  |.....3xP.-.4..A:|
00002270  19 98 b9 de d2 c1 7c 7e  f9 9b 66 35 c5 86 7d 28  |......|~..f5..}(|
00002280  f3 48 ad 66 39 bc 1a 77  f8 b0 24 0a c6 d2 67 b7  |.H.f9..w..$...g.|
00002290  79 6f e4 f7 17 2c 16 6c  71 5c 25 47 e7 73 95 59  |yo...,.lq\%G.s.Y|
000022a0  d2 df ea 85 f3 94 aa a3  e6 6a a0 33 62 f9 21 02  |.........j.3b.!.|
000022b0  c6 84 7c a4 2e cb c7 28  b4 34 c0 54 83 bc 5e ca  |..|....(.4.T..^.|
000022c0  7a f2 84 81 fd 55 55 ae  cd cf 1d 5d 85 9e 4f 87  |z....UU....]..O.|
000022d0  e7 c6 c8 4d cc cf 03 c5  a3 e3 c6 f9 b3 59 92 a1  |...M.........Y..|
000022e0  e7 53 1d 64 0c d3 27 6b  75 41 06 ba ec 7f de 5d  |.S.d..'kuA.....]|
000022f0  ea fe 68 a6 51 f7 69 1f  aa cb 9a 98 6b 33 af 40  |..h.Q.i.....k3.@|
00002300  ca e5 19 21 8f f7 f1 13  f6 a7 53 09 c6 ff 10 e8  |...!......S.....|
00002310  db 81 8c 87 d9 34 fa 72  64 d8 3b a0 c9 88 15 ab  |.....4.rd.;.....|
00002320  bb 7e 29 8a 02 7d 12 eb  44 a5 09 06 29 46 ea ae  |.~)..}..D...)F..|
00002330  c7 f4 86 71 e3 80 ce 91  80 4e 0c 72 6c 6d 39 7a  |...q.....N.rlm9z|
00002340  b9 7c a7 4a e5 e1 1d 4c  eb 6a a5 aa 5c 45 f1 e8  |.|.J...L.j..\E..|
00002350  6c 42 e8 7b 43 94 f8 76  c9 cb 4f 69 af 32 b1 c5  |lB.{C..v..Oi.2..|
00002360  4a aa 04 0f 6a 53 e4 21  90 3d 8c c8 5e 02 d9 cb  |J...jS.!.=..^...|
00002370  88 6c 1b c8 b6 23 b2 7d  20 fb a7 12 5c 6a 41 89  |.l...#.} ...\jA.|
00002380  04 6b ea 43 e8 2d c5 31  e6 0b 49 0f 1e a9 15 86  |.k.C.-.1..I.....|
00002390  66 a0 a4 a0 a3 10 ea 99  57 62 68 a6 91 ac 89 ab  |f.......Wbh.....|
000023a0  5c ab 45 14 1f b0 e9 3e  57 f0 48 b5 47 88 af 0f  |\.E....>W.H.G...|
000023b0  b8 72 48 86 94 27 76 e0  4a 01 ca b1 41 e6 a8 61  |.rH..'v.J...A..a|
000023c0  d6 0c 78 a2 16 b7 27 88  71 3c 92 73 93 71 16 9b  |..x...'.q<.s.q..|
000023d0  44 d9 8e 92 e6 30 8d 55  22 25 b9 62 e6 1e 0c 43  |D....0.U"%.b...C|
000023e0  ed 14 0c 8d cc d1 8d 04  8d a4 80 a7 e3 43 43 dc  |.............CC.|
000023f0  74 2d 90 16 16 c0 00 78  32 b5 48 47 21 0f 34 37  |t-.....x2.HG!.47|
00002400  96 92 0a 5a d6 00 ea 05  7b e6 41 b3 7b 31 68 28  |...Z....{.A.{1h(|
00002410  02 6d da 10 3c 0a 0e a9  48 b1 65 1f 2c 63 ac 18  |.m..<...H.e.,c..|
00002420  da c1 6d 04 50 7f 18 94  00 f2 70 56 c3 30 6f 27  |..m.P.....pV.0o'|
00002430  e6 e4 58 29 28 c5 c4 94  a6 a5 a5 a5 28 e9 95 e4  |..X)(.......(...|
00002440  43 86 60 d1 d3 1c 22 38  a0 e6 c7 94 56 1b 19 18  |C.`..."8....V...|
00002450  59 d4 82 13 13 8a 98 65  2d d6 da 0b c3 42 23 03  |Y......e-....B#.|
00002460  23 9c f6 29 20 15 31 19  a9 15 c9 19 89 45 c5 d1  |#..) .1......E..|
00002470  45 7a 05 f9 c5 99 a0 21  53 0d 4d 05 35 05 83 0a  |Ez.....!S.M.5...|
00002480  b7 58 ac ae c4 6c 73 a0  d8 0d 0e f7 4c ed bc 58  |.X...ls.....L..X|
00002490  9c 9e 45 0d 53 68 e3 2f  0f 34 10 8a bf b1 0a b3  |..E.Sh./.4......|
000024a0  26 19 bd 92 a8 c5 51 4e  43 ab 8a 94 e2 12 e8 50  |&.....QNC......P|
000024b0  0e b8 af 11 94 9a 5c 5a  54 9c 59 96 ea 92 5a 9c  |......\ZT.Y...Z.|
000024c0  9c 9a 57 a2 a0 ab f0 64  77 5f 6e 6a 49 46 7e 4a  |..W....dw_njIF~J|
000024d0  b1 5e 72 d6 f3 e5 bb 9f  76 ad 78 d1 be f9 d9 da  |.^r.....v.x.....|
000024e0  25 20 4d 2f 1b 26 3d dd  3b e9 c9 8e ee 97 33 7b  |% M/.&=.;.....3{|
000024f0  a1 4b 45 da f7 3e 9b ba  e1 fd 9e 9e e7 53 56 3c  |.KE..>.......SV<|
00002500  d9 d5 f7 62 fb fa a7 fb  5a 9e cd 5f fa 62 fd a2  |...b....Z.._.b..|
00002510  e7 b3 5a 20 ea 5f 36 f6  3e ed 6b 43 ea e2 a0 5b  |..Z ._6.>.kC...[|
00002520  0b 09 2d 44 95 03 ed 67  83 da dc 45 a9 79 f0 ce  |..-D...g...E.y..|
00002530  35 c6 82 07 0c 1d a8 7d  77 c8 44 71 6a 5e 09 78  |5......}w.Dqj^.x|
00002540  b8 1d d1 79 c6 37 2b 9a  08 58 4e 0e 38 60 8b 52  |...y.7+..XN.8`.R|
00002550  8b 91 7b da 90 76 13 d8  ac cc 62 68 ba 85 b4 7e  |..{..v....bh...~|
00002560  a1 62 d0 c9 0b 94 22 0e  2a e9 96 5f e4 9a 98 9c  |.b....".*.._....|
00002570  a1 81 12 d7 98 29 27 5e  07 34 0c 04 5f 26 82 a5  |.....)'^.4.._&..|
00002580  70 c7 19 76 60 9d b8 66  4b 50 26 7a 14 50 9a 6e  |p..v`..fKP&z.P.n|
00002590  58 c6 12 12 73 72 b8 6a  b9 00 50 4b 03 04 14 00  |X...sr.j..PK....|
000025a0  00 08 08 00 05 5b ee 5a  b1 43 47 f5 94 04 00 00  |.....[.Z.CG.....|
000025b0  3e 12 00 00 11 00 00 00  73 72 63 2f 75 74 69 6c  |>.......src/util|
000025c0  73 5f 74 65 73 74 2e 63  6a a4 54 4d 6f 13 31 10  |s_test.cj.TMo.1.|
000025d0  bd ef af 18 b9 87 ee 56  db 8d 4a 39 55 aa 94 a8  |.......V..J9U...|
000025e0  5c 90 38 20 08 a7 aa 07  6b eb 34 06 af 1d ec 71  |\.8 ....k.4....q|
000025f0  a1 8a 72 43 5c e8 09 89  0b e2 0a 42 08 01 02 21  |..rC\......B...!|
00002600  8e fc 19 92 c2 bf 40 b6  b3 e9 26 d9 7c 10 f6 34  |......@...&.|..4|
00002610  f6 7b f3 3c f3 66 b4 3d  9a 3f a2 67 0c ce 1e 1a  |.{.<.f.=.?.g....|
00002620  25 a3 88 17 3d a5 11 0c  9e 66 b9 12 82 e5 c8 95  |%...=....f......|
00002630  cc 5a 5a d3 8b 3b dc 60  15 b7 92 23 32 83 d9 4e  |.ZZ..;.`...#2..N|
00002640  ed ad 83 0a 9a 6b 95 ed  44 51 d4 6c 33 83 51 2e  |.....k..DQ.l3.Q.|
00002650  a8 31 f0 00 b9 30 ee 0c  fd 08 00 a0 d1 80 d1 f7  |.1...0..........|
00002660  17 bf 3f bf 02 54 d2 16  fe ce f3 8f a8 61 fe d4  |..?..T.......a..|
00002670  b1 32 07 27 d8 76 84 38  19 27 ba 4f 30 84 58 d3  |.2.'.v.8.'.O0.X.|
00002680  27 29 48 5b 24 70 18 34  e2 ed dd fd 6c ef e6 60  |')H[$p.4....l..`|
00002690  3b 99 10 9b 2d 63 98 c6  c0 25 1e 26 f3 a8 b4 45  |;...-c...%.&...E|
000026a0  0a 1e 0c d8 a0 ac f0 b0  e6 03 f3 d8 52 d3 85 e1  |............R...|
000026b0  cb 4b d0 ec fc 7e 38 8d  7b a9 4b 58 d6 5a c8 6e  |.K...~8.{.KX.Z.n|
000026c0  c9 d3 7b a5 d2 54 9f 8d  46 f9 5a d0 9f ab 3c a0  |..{..T..F.Z...<.|
000026d0  f1 16 e9 13 49 0b 46 0e  c8 39 15 96 91 01 d9 4a  |....I.F..9.....J|
000026e0  52 a8 bd 5e a6 a1 2c 32  4d 0e fa 84 4b e9 82 52  |R..^..,2M...K..R|
000026f0  ed 5a 6e 19 63 b1 f2 f1  5e 7a 23 dd 3f 19 ab 5c  |.Zn.c...^z#.?..\|
00002700  9f 26 19 d5 8e 67 4d 9d  1f e6 c4 ab ff ea 5b 57  |.&...gM.......[W|
00002710  64 8c 2a 18 20 7b 8a f0  8f 46 0e a2 a5 bb 82 4a  |d.*. {...F.....J|
00002720  70 dc 74 39 da 2e 79 6a  1f ca b1 7b d9 98 a0 b6  |p.t9..yj...{....|
00002730  8c 24 29 8c 83 45 b4 0e  15 26 f0 c6 d1 22 a2 b4  |.$)..E...&..."..|
00002740  42 78 5e 08 aa 43 a9 79  d9 a0 ed 74 66 9f 5f e5  |Bx^..C.y...tf._.|
00002750  87 e6 c5 c6 76 68 5e d4  bb e1 00 02 d0 65 42 28  |....vh^......eB(|
00002760  00 5f 92 8f eb 3a ad 72  d7 60 ae af 59 af b8 c2  |._...:.r.`..Y...|
00002770  0f 6e 6e 29 bc cb 7b 4c  1f 75 a9 de d4 99 db 53  |.nn)..{L.u.....S|
00002780  2a b5 1e 4d 3f 14 93 66  4f 33 c4 0b e7 80 9b 5e  |*..M?..fO3.....^|
00002790  e2 87 3c fc f1 75 f4 ed  fd f0 f9 e5 d5 eb 67 bf  |..<..u........g.|
000027a0  7e 7e fa f3 f6 cb d5 c7  77 73 cb 32 2b 75 ec fe  |~~......ws.2+u..|
000027b0  d1 27 13 a5 95 fc be e3  0f d6 e7 37 1d df d1 fd  |.'.........7....|
000027c0  f6 86 4a 47 6f 3e 6c 50  e9 b4 d0 5f d2 ab 1e a7  |..JGo>lP..._....|
000027d0  61 18 0a ef 9c c2 f2 e4  4a 51 95 54 c0 d4 32 30  |a.......JQ.T..20|
000027e0  20 21 44 05 b4 62 ea 92  b6 4e 63 29 24 25 76 86  | !D..b...Nc)$%v.|
000027f0  4a 0c 30 c1 09 98 90 58  58 b9 01 d7 29 5c 03 f9  |J.0....XX...)\..|
00002800  a7 89 53 db 49 29 43 d5  36 ef fb de fb e2 f7 63  |..S.I)C.6......c|
00002810  7b 97 7a fd 79 7b 5f 3f  3d af 1f bf d6 2f 1f df  |{.z.y{_?=..../..|
00002820  af 9f 7b 57 6e c1 62 92  62 4a 8d 5d 8c 77 da 0d  |..{Wn.b.bJ.].w..|
00002830  a6 45 c2 c0 00 cc 72 1c  32 3c 2c 1f a1 4e 0d 2b  |.E....r.2<,..N.+|
00002840  64 97 60 8a 99 fc 7d 1a  52 8c 2e 48 3a ef 9e 71  |d.`...}.R..H:..q|
00002850  80 07 20 ac f3 28 cb 49  ba 38 ab b1 65 a8 91 b0  |.. ..(.I.8..e...|
00002860  a8 60 70 22 e7 c3 04 42  cb a8 90 62 ef a6 38 6f  |.`p"...B...b..8o|
00002870  52 30 14 08 53 02 af 8c  26 de 38 2f 9c c2 c7 3a  |R0..S...&.8/...:|
00002880  d7 ae 9b bb 97 b2 b7 26  61 a5 da e2 65 a8 bd 0e  |.......&a...e...|
00002890  e2 ec a0 eb 77 0e f4 a9  27 d6 83 b8 77 a2 8d 1d  |....w...'...w...|
000028a0  55 69 74 96 75 89 d5 d2  d8 0e 36 72 d7 4e d1 b3  |Uit.u.....6r.N..|
000028b0  54 a2 f5 b7 e2 4f 1a 5e  4a 99 51 95 33 67 cc 0d  |T....O.^J.Q.3g..|
000028c0  54 aa 1c ef 4e d8 ce 89  55 27 5f d4 06 9d ca ec  |T...N...U'_.....|
000028d0  5a fb 96 c9 7b 5f e0 7c  75 19 b2 59 8c e9 be 73  |Z...{_.|u..Y...s|
000028e0  f7 5a f3 61 74 b6 5c 13  01 01 03 20 0e d3 57 21  |.Z.at.\.... ..W!|
000028f0  8b 55 b9 89 e7 e7 69 94  21 38 10 75 2b 46 93 ad  |.U....i.!8.u+F..|
00002900  6f 6f f9 11 0c 0c 80 22  8a 46 97 7d eb 01 38 11  |oo.....".F.}..8.|
00002910  44 55 fa dc 85 07 fc ae  ef 01 df 03 e5 f1 bd 7f  |DU..............|
00002920  9e b2 e3 c3 13 d4 b1 b5  c5 0e fa fa d0 03 00 06  |................|
00002930  3e b4 3a b0 c9 ab a6 80  fc 1c 35 48 32 b6 0b 3d  |>.:.......5H2..=|
00002940  31 48 5b 44 4f ad a8 08  e8 ac c8 1a 5b 56 99 62  |1H[DO.......[V.b|
00002950  cb 3f 26 bb a5 4e e8 32  21 ec 2a a3 94 4c 13 cc  |.?&..N.2!.*..L..|
00002960  77 bd bd 8f fa db 8e cc  1b 4d 82 23 16 78 20 27  |w........M.#.x '|
00002970  8b 98 7f 47 59 91 ce 03  7e bd 31 44 20 c8 b1 0f  |...GY...~.1D ...|
00002980  02 69 39 e5 28 47 02 64  31 6f 02 40 17 5f 46 36  |.i9.(G.d1o.@._F6|
00002990  7a 52 5c bb b8 cf 9e 12  d9 53 22 7b 0e 91 69 b6  |zR\......S"{..i.|
000029a0  24 4b ec 10 d8 ab 0f fc  f2 aa a6 1c db 6c 32 d8  |$K...........l2.|
000029b0  5f 36 70 42 47 61 84 79  e3 5d e0 d5 ff ce 58 bf  |_6pBGa.y.]....X.|
000029c0  42 33 08 47 33 0b 5d 55  92 7a a2 3a 9e a6 0e a6  |B3.G3.]U.z.:....|
000029d0  f2 28 d2 94 1b 90 a6 3c  9e 34 e5 8a ea a8 cd 25  |.(.....<.4.....%|
000029e0  05 94 76 20 a6 e3 1d d4  49 6a 5e 95 e6 95 17 25  |..v ....Ij^....%|
000029f0  16 90 9b a3 42 c1 ba b1  c6 03 c4 60 0d 78 57 13  |....B......`.xW.|
00002a00  d4 d0 07 33 b1 24 2a a8  5a 50 5f 32 3b b5 12 a3  |...3.$*.ZP_2;...|
00002a10  0b 8d 22 08 18 72 9f 15  16 0e 30 bb f2 f2 15 40  |.."..r....0....@|
00002a20  0c 48 07 0a c6 26 a6 91  99 9c 93 9a 98 17 1e 4c  |.H...&.........L|
00002a30  6e 30 38 43 b4 63 0d 07  a8 d1 1a 4a 89 0a 49 31  |n08C.c.....J..I1|
00002a40  25 c9 31 79 29 60 e7 29  c4 94 c4 e4 61 09 0a b8  |%.1y)`.)....a...|
00002a50  72 b0 82 98 22 84 62 10  1b ea 97 5a 00 50 4b 03  |r...".b....Z.PK.|
00002a60  04 14 00 00 08 08 00 05  5b ee 5a 27 c4 56 2d f4  |........[.Z'.V-.|
00002a70  06 00 00 f8 1d 00 00 15  00 00 00 73 72 63 2f 6d  |...........src/m|
00002a80  6f 64 69 66 69 65 72 73  5f 74 65 73 74 2e 63 6a  |odifiers_test.cj|
00002a90  ac 54 cf 4b 5b 41 10 be  e7 af 18 c6 4b 22 8f a4  |.T.K[A......K"..|
00002aa0  b4 3d 09 81 44 5b 68 95  ea c1 52 0f 21 87 cd 7b  |.=..D[h...R.!..{|
00002ab0  93 b8 ba d9 0d bb fb 6c  83 e4 56 8a a5 94 5e 14  |.......l..V...^.|
00002ac0  8a 85 d2 43 ed a9 a8 3d  f4 52 03 fe 33 26 c6 53  |...C...=.R..3&.S|
00002ad0  ff 85 b2 fb e2 8f c4 24  a6 e0 3b ed ce 7c df ee  |.......$..;..|..|
00002ae0  bc ef 9b d9 06 0b 37 59  8d a0 b6 61 94 4c a5 78  |......7Y...a.L.x|
00002af0  bd a1 b4 05 63 a3 6c 2c  b9 b5 64 6c 76 76 64 d4  |....c.l,..dlvvd.|
00002b00  a5 ea 2c d4 2a 3b 9b 4a  15 5e 92 b1 a9 50 30 63  |..,.*;.J.^...P0c|
00002b10  e0 85 8a 78 95 93 36 2e  06 db 29 00 80 5c 0e ba  |...x..6...)..\..|
00002b20  bf 3f f4 8e f6 ba 7b c7  dd 8f 87 3e 26 c8 82 bb  |.?....{....>&...|
00002b30  74 a5 b2 41 a1 85 3c cc  e0 36 4a 56 27 9c 03 2c  |t..A..<..6JV'..,|
00002b40  0a 1e 12 06 80 ac e6 f6  8f 1e b8 65 68 f9 96 db  |...........eh...|
00002b50  59 1d 53 0b 67 06 4e 29  6a cd 9a fe 90 12 b2 46  |Y.S.g.N)j......F|
00002b60  43 78 72 85 49 26 99 5b  85 eb a4 75 13 cb 43 ac  |Cxr.I&.[...u..C.|
00002b70  65 32 96 a2 1b dc 12 7a  78 05 cb 01 94 30 74 eb  |e2.....zx....0t.|
00002b80  28 59 fb 03 ab 58 1e 3e  e2 b9 dc 62 82 47 13 eb  |(Y...X.>...b.G..|
00002b90  1f 2e 76 d5 6a 2e 6b 9e  82 cf 48 08 05 6b 4a 8b  |..v.j.k...H..kJ.|
00002ba0  08 87 ab 8b eb 15 d2 90  07 7c fc 10 07 32 f3 4a  |.........|...2.J|
00002bb0  09 17 77 4a e0 10 47 f8  8c 8c 85 18 cc 2c a8 7a  |..wJ..G......,.z|
00002bc0  43 d0 9b a4 50 9f 71 1f  c6 86 b4 c1 39 28 5d 85  |C...P.q.....9(].|
00002bd0  dc 37 c2 89 88 1a 4c db  3a 49 eb 0c 7a 2a 6b 5c  |.7....L.:I..z*k\|
00002be0  12 b9 ff c0 56 30 86 3b  af 2a 5e c1 09 4c 18 43  |....V0.;.*^..L.C|
00002bf0  5d 58 67 5a 70 ba 4d 5f  65 82 0c b6 ae 68 65 bf  |]XgZp.M_e....he.|
00002c00  72 0a 0f 76 1a 14 36 a9  69 e0 ec f4 f0 e2 e0 f8  |r..v..6.i.......|
00002c10  fc e7 0f 9f f5 7d ba c0  0c f9 5d 35 96 21 b8 3e  |.....}....]5.!.>|
00002c20  be 6c d9 25 6a 9a 74 06  ae d5 71 da 69 32 90 87  |.l.%j.t...q.i2..|
00002c30  1a d9 f4 75 b7 06 80 fe  78 cc 5c 41 0b 45 63 48  |...u....x.\A.EcH|
00002c40  db b4 26 93 dd e4 32 0a  60 89 cb 28 bb b8 ba b2  |..&...2.`..(....|
00002c50  3c 1a a4 d9 eb 6c a8 a4  65 5c 9a 74 22 77 66 1a  |<....l..e\.t"wf.|
00002c60  a4 9b 88 e9 80 c9 bc dc  c0 e6 72 d0 f9 b3 db 3b  |..........r....;|
00002c70  3a e8 9d ee 76 be 7c 3d  ff 75 72 d6 6e 43 29 b9  |:...v.|=.ur.nC).|
00002c80  3c f0 b3 16 5c 8e 59 19  ce f7 df 76 bf b5 3b ed  |<...\.Y....v..;.|
00002c90  4f 63 8b 32 96 69 6b d6  b8 5d 4f 63 69 52 51 24  |Oc.2.ik..]OciRQ$|
00002ca0  a3 3e ac 7c 09 6b dd f2  6b 8b 89 98 fe d3 b1 57  |.>.|.k..k......W|
00002cb0  9e 73 87 67 7e be 9d 65  c9 0d f7 67 5a f2 d0 4c  |.s.g~..e...gZ..L|
00002cc0  65 46 ff 29 9a 0a db 7f  ac 26 60 ef 57 f8 0d c5  |eF.).....&`.W...|
00002cd0  e5 b5 ec 7f db 3b 17 27  9f 7b 87 df 3b 3b ef 2e  |.....;.'.{..;;..|
00002ce0  f6 77 7d e4 fd 34 d3 b3  a8 b8 7c 42 55 16 0b 3b  |.w}..4....|BU..;|
00002cf0  ad 21 ee e6 bb ed 48 9e  cb b1 6d 0c c9 83 1f 24  |.!....H...m....$|
00002d00  12 07 7d f5 46 36 ad b1  3a 18 0d ff 27 5c 89 12  |..}.F6..:...'\..|
00002d10  23 6c 5e b4 af 7a ba 6e  d6 93 9d 9d e4 04 8f 73  |#l^..z.n.......s|
00002d20  69 71 49 7e 2e 29 a1 63  55 43 ad f0 a9 81 84 4f  |iqI~.).cUC.....O|
00002d30  0d 91 e1 83 a6 1c 57 f8  14 a5 96 a5 16 15 a7 a2  |......W.........|
00002d40  04 d1 b3 a9 1b 9e ef 6e  21 32 d5 04 41 0c 00 e7  |.......n!2..A...|
00002d50  51 62 03 06 6a 29 a9 19  19 ad f8 7b d9 d0 f6 74  |Qb..j).....{...t|
00002d60  57 3f a8 94 03 bb 97 88  a2 97 70 c6 44 14 e8 a4  |W?........p.D...|
00002d70  64 78 82 e5 08 75 f3 3b  b6 38 7b ba 7e e7 8b 8d  |dx...u.;.8{.~...|
00002d80  0b 49 8b 33 48 5d 48 74  85 49 66 ac 21 57 ac a0  |.I.3H]Ht.If.!W..|
00002d90  3a 13 39 2c aa 89 ab 74  6a 71 57 3a 39 a9 79 e9  |:.9,...tjqW:9.y.|
00002da0  25 19 e4 27 5f 1f b0 7e  92 52 2f c4 4a c2 89 17  |%..'_..~.R/.J...|
00002db0  d2 fc c3 ae 2c af 34 57  47 c1 58 cf 00 57 b6 c4  |....,.4WG.X..W..|
00002dc0  e2 2d 92 62 18 e2 2d 12  23 98 1e 1e 4b cb 49 2c  |.-.b..-.#...K.I,|
00002dd0  29 49 45 2d 92 9f 6d 6d  7d ba b1 89 c8 b4 eb 06  |)IE-..mm}.......|
00002de0  31 20 38 23 31 27 27 bf  9c 40 e2 45 ea 1f 80 da  |1 8#1''..@.E....|
00002df0  0f 50 cb c9 2e 77 9e 6e  68 7b ba b5 e7 e9 d2 e9  |.P...w.nh{......|
00002e00  90 12 e7 e9 c6 a9 4f 77  6e 7e b2 63 97 02 b8 db  |......Own~.c....|
00002e10  a1 94 a4 a4 03 ea 72 28  a5 28 e9 80 ba 1b a0 de  |......r(.(......|
00002e20  06 11 85 52 8c 52 62 8c  12 71 0d 8b 18 a5 24 e2  |...R.Rb..q....$.|
00002e30  95 26 13 af 34 85 78 a5  a9 c4 2b 4d c3 af 94 ea  |.&..4.x...+M....|
00002e40  8d 4f 00 2b 66 b3 93 30  10 45 e1 57 31 5d 1b 62  |.O.+f..0.E.W1].b|
00002e50  8c 2b 56 24 1a 7c 00 89  ab 6e 48 2a b5 89 50 33  |.+V$.|...nH*..P3|
00002e60  2d 2b 71 05 36 25 a1 62  22 a4 86 10 e2 bf 5d d0  |-+q.6%.b".....].|
00002e70  84 b8 6a 08 e8 cb 30 6d  59 f9 0a 66 66 0a 54 28  |..j...0mY..ff.T(|
00002e80  74 86 ba 2f 8e f7 cc bd  77 ce 77 24 e1 6f 57 75  |t../....w.w$.oWu|
00002e90  eb 6e 5b 47 fe 9d b2 b3  4e 11 07 e6 40 f9 8c 7a  |.n[G....N...@..z|
00002ea0  23 62 72 64 7f df c3 1b  91 38 1a cc 81 1b 7c f5  |#brd.....8....|.|
00002eb0  72 69 e6 e3 16 a5 65 f3  17 4a 5c 6d 01 0d 07 66  |ri....e..J\m...f|
00002ec0  fb 7f 8a 2b a0 73 d7 56  a7 ca 8a 0a d8 a0 21 27  |...+.s.V......!'|
00002ed0  9f a8 20 6e f2 f1 f2 45  75 e0 03 12 98 30 38 d0  |.. n...Eu....08.|
00002ee0  dc f6 00 da a6 3f ee bb  c6 f3 c4 19 42 db f4 fa  |.....?......B...|
00002ef0  ef 13 e7 d3 7f b2 bc d7  21 c5 8c 1f ec d3 d2 c0  |........!.......|
00002f00  e6 99 59 70 d8 e2 bb 55  10 2b 00 b9 c8 2c 6a 16  |..Yp...U.+...,j.|
00002f10  c8 c5 28 59 17 79 07 42  6c 92 93 70 57 3c 66 4e  |..(Y.y.Bl..pW<fN|
00002f20  9e 4b ef f0 24 eb e1 b9  eb 59 fc 11 0d de a1 bf  |.K..$....Y......|
00002f30  81 57 31 f9 1f 93 98 e3  8f 17 b7 77 37 bf 8b 89  |.W1........w7...|
00002f40  63 7b 9d 1a 1a f7 75 e4  40 49 eb 8a 0a 42 5f 92  |c{....u.@I...B_.|
00002f50  20 6b ad d4 22 90 cb 97  6c dd 7b 8c 7e 12 d3 bd  | k.."...l.{.~...|
00002f60  41 d6 b3 1b c4 3b 19 7c  4c 3a 94 c3 6c fb 82 b9  |A....;.|L:..l...|
00002f70  8d fa b4 6a 4d 4d 0b ea  1a 9d 67 0e 07 45 54 8f  |...jMM....g..ET.|
00002f80  14 09 78 28 db 3d b9 01  14 24 91 4d ff 23 49 a4  |..x(.=...$.M.#I.|
00002f90  56 3f 23 48 62 1a 5f 41  6a 2f 45 22 9e 38 e1 97  |V?#Hb._Aj/E".8..|
00002fa0  61 77 75 d9 07 2d 15 39  bc f3 4a a6 f7 5f 70 d4  |awu..-.9..J.._p.|
00002fb0  f4 07 55 af 65 d1 c0 fb  e1 79 5e 2a 49 25 91 11  |..U.e....y^*I%..|
00002fc0  c1 2a 19 04 c8 89 20 15  de e8 b0 69 f8 e3 fe cf  |.*.... ....i....|
00002fd0  a8 01 35 c3 6b 59 15 ff  bb e7 de be 6d 90 80 80  |..5.kY......m...|
00002fe0  d8 0c 51 03 7c 8a 16 c4  31 a0 fd 00 bb 96 d7 a9  |..Q.|...1.......|
00002ff0  31 5d f3 af fc f2 4b 5c  2b 32 8b 4b 88 1f 10 cc  |1]....K\+2.K....|
00003000  cb cf 4b 05 e9 40 cd 5f  68 9d ce a7 7d f3 9f 2e  |..K..@._h...}...|
00003010  ef 86 b4 2a 7a 9e ce 5e  f0 64 c7 2e b8 b3 9e c0  |...*z..^.d......|
00003020  dc 4a d1 a0 a2 0e d2 a8  3a 81 44 f2 74 d7 94 e7  |.J......:.D.t...|
00003030  53 56 3c d9 d5 f7 7c e5  ae a7 0d 7b 88 49 27 fe  |SV<...|....{.I'.|
00003040  e0 11 66 62 c3 04 29 48  88 1c 2f 05 99 8e b3 aa  |..fb..)H../.....|
00003050  cf c8 24 71 78 30 24 23  93 f8 f8 2b c9 c8 a4 74  |..$qx0$#...+...t|
00003060  6c 90 70 d8 2b 38 14 14  a5 96 94 54 92 e6 8f 00  |l.p.+8.....T....|
00003070  b0 1e a2 7d 02 b1 82 8c  42 1e 32 de fb b4 67 da  |...}....B.2...g.|
00003080  d3 09 7d 4f 77 4d 79 da  d3 fa 74 c2 ea 67 bd 8b  |..}OwMy...t..g..|
00003090  5e 2c ec 79 be 66 d9 d3  49 3d cf f7 ac 7c b1 7f  |^,.y.f..I=...|..|
000030a0  36 31 bd 92 3c e2 4a 7b  05 05 25 4d 4d 70 2e 41  |61..<.J{..%MMp.A|
000030b0  33 1a 9e 6f 20 8e 80 e4  9b a7 6d ad 4f d7 ed 24  |3..o .....m.O..$|
000030c0  c2 7a 94 6a 17 bd 18 45  1d 79 37 36 20 4e 1d a4  |.z.j...E.y76 N..|
000030d0  8d 8d 2b 6d 96 a6 e7 90  18 a7 a1 e9 39 98 31 9a  |..+m........9.1.|
000030e0  96 5f 94 0b ea 63 a6 78  15 e7 e7 81 da 4a ca 90  |._...c.x.....J..|
000030f0  c9 1a f4 e9 18 90 10 7c  6a 0c cc 41 9e 1c e3 aa  |.......|j..A....|
00003100  55 52 56 c6 d5 98 42 b1  02 d4 94 02 39 9d 9c 06  |URV...B.....9...|
00003110  41 5f f7 f3 3d 2b 9f 4e  e8 03 15 5b d8 d2 ca d3  |A_..=+.N...[....|
00003120  25 b3 9e ec 9d f9 7c e5  ae 67 0b f6 60 c4 83 22  |%.....|..g..`.."|
00003130  66 44 c4 60 4d 32 58 14  22 d2 0c d4 8a 21 94 72  |fD.`M2X."....!.r|
00003140  00 83 25 6d 58 e0 41 d2  f8 f3 e5 bb 5f ce 5c f2  |..%mX.A....._.\.|
00003150  ac b3 e1 d9 9c 4e 50 70  ee 6f 7d b1 ac f1 f9 ac  |.....NPp.o}.....|
00003160  96 e7 2b 77 3d 9f b9 17  d2 46 c5 95 94 75 90 26  |..+w=....F...u.&|
00003170  4e 61 c9 03 92 36 8c 0d  e0 b3 39 56 d0 39 53 58  |Na...6....9V.9SX|
00003180  f2 ad 05 00 50 4b 03 04  14 00 00 08 08 00 05 5b  |....PK.........[|
00003190  ee 5a 9c 21 f9 a5 31 02  00 00 b3 08 00 00 1e 00  |.Z.!..1.........|
000031a0  00 00 73 72 63 2f 6a 73  6f 6e 5f 66 6f 72 6d 61  |..src/json_forma|
000031b0  74 2f 66 6f 72 6d 61 74  5f 74 65 73 74 2e 63 6a  |t/format_test.cj|
000031c0  d4 54 c1 8a db 30 10 bd  eb 2b 06 f9 e2 04 13 76  |.T...0...+.....v|
000031d0  37 b7 40 20 4b a1 87 9e  0a 6d 4f ab 50 54 67 e2  |7.@ K....mO.PTg.|
000031e0  68 6b cb 46 9a d0 0d c1  ff 5e 46 56 bc 31 f6 b6  |hk.F.....^FV.1..|
000031f0  5d 76 2f d5 41 24 33 f3  9e 9e 46 6f dc e8 fc a7  |]v/.A$3...Fo....|
00003200  2e 10 8a 47 5f db 05 6f  df f7 b5 ab 34 09 61 aa  |...G_..o....4.a.|
00003210  a6 76 04 9e 76 8b a3 35  44 e8 69 31 9f 8c 72 aa  |.v..v..5D.i1..r.|
00003220  d2 b9 ab 17 73 21 f2 52  7b 0f 1f 03 c9 57 f4 f4  |....s!.R{....W..|
00003230  41 7b 84 b3 00 00 28 91  c0 ea 0a 57 f0 85 9c b1  |A{....(....W....|
00003240  45 1f 34 b6 39 d2 28 8a  4f 0d e6 84 bb 3e 11 32  |E.4.9.(.O....>.2|
00003250  c6 1a 4a af 59 b2 21 3c  1b e1 66 f1 78 5e 74 30  |..J.Y.!<..f.x^t0|
00003260  7e c1 68 58 07 29 c3 44  20 82 75 47 38 4c 5d 48  |~.hX.).D .uG8L]H|
00003270  61 dd f3 87 82 56 b4 42  6c f8 a2 a3 9b c7 63 37  |a....V.Bl.....c7|
00003280  97 2e 84 7f fb a3 cd 81  1b f6 d9 21 d1 29 bd 16  |...........!.)..|
00003290  c7 97 a6 58 ec 61 0d 0f  7d 86 d7 b0 a5 e9 20 c7  |...X.a..}..... .|
000032a0  4b 62 d5 d0 09 7c b8 b3  cc c6 f9 c9 d8 a0 6c 96  |Kb...|........l.|
000032b0  bd ee 44 6f aa a6 44 a8  7f 3c 62 4e 13 f4 89 3c  |..Do..D..<bN...<|
000032c0  4b ee b2 5c c9 4f f5 c1  ca 4c ea 02 e5 6a 79 d3  |K..\.O...L...jy.|
000032d0  ca 64 a2 3a 49 24 37 23  42 20 62 38 12 60 b0 bc  |.d.:I$7#B b8.`..|
000032e0  11 ad 4c 92 e4 3d 34 6b  e7 f4 69 52 f2 c3 6d 76  |..L..=4k..iR..mv|
000032f0  97 2d b7 2f 29 e4 47 b9  65 dc 1d 6f 4b b1 1d 2b  |.-./).G.e..oK..+|
00003300  ea f5 6d 45 ff 73 5f 3b  48 2f 8f 0b c6 3e 3f f4  |..mE.s_;H/...>?.|
00003310  b5 03 20 ba a0 a8 d9 86  4d 67 91 4b 65 67 cf d9  |.. .....Mg.Keg..|
00003320  a0 78 73 ef 3d 3a 4a 8b  9a b2 9e b2 37 eb 73 6d  |.xs.=:J.....7.sm|
00003330  1b cd fa 27 47 7e 2b ca  ff dc 8f dd a7 8b a7 f4  |...'G~+.........|
00003340  65 4b fe ab c9 5e e7 e6  37 59 b2 32 4f b8 83 5f  |eK...^..7Y.2O.._|
00003350  07 43 e8 1b 9d e3 f4 24  81 a2 38 1a a0 ec 0a 94  |.C.....$..8.....|
00003360  8b 03 c2 f1 e9 79 92 67  45 1d 42 d9 95 72 5d b9  |.....y.gE.B..r].|
00003370  a2 56 be 6d 82 1c ea f2  4a 2d e4 07 ed 74 4e e8  |.V.m....J-...tN.|
00003380  fc d4 17 e6 cc fa 54 90  a1 7a e5 2a 68 51 51 fb  |......T..z.*hQQ.|
00003390  df 5b 3d 92 fc 5e 23 f6  5b a5 a0 34 4f af 0c 06  |.[=..^#.[..4O...|
000033a0  29 f2 41 d9 2c 28 bf 34  2f a5 a4 28 b3 80 84 fc  |).A.,(.4/..(....|
000033b0  86 b3 30 05 4c 47 29 31  b9 24 b3 2c 55 c9 aa a4  |..0.LG)1.$.,U...|
000033c0  a8 34 15 23 29 28 2b c1  4b 34 ca 43 0d 5c 24 65  |.4.#)(+.K4.C.\$e|
000033d0  a6 65 82 2b 42 b4 f2 49  13 a3 18 2b 4d cf 81 a9  |.e.+B..I...+M...|
000033e0  05 07 34 42 37 f6 52 0c  a6 1e 51 94 61 96 60 b5  |..4B7.R...Q.a.`.|
000033f0  00 50 4b 03 04 14 00 00  08 08 00 05 5b ee 5a 9b  |.PK.........[.Z.|
00003400  43 2b 09 d2 01 00 00 3d  0b 00 00 19 00 00 00 73  |C+.....=.......s|
00003410  72 63 2f 6a 73 6f 6e 5f  66 6f 72 6d 61 74 2f 66  |rc/json_format/f|
00003420  6f 72 6d 61 74 2e 63 6a  c4 54 4d 8f da 30 10 bd  |ormat.cj.TM..0..|
00003430  e7 57 bc 72 c0 89 28 11  67 a4 f4 50 a9 b7 1e aa  |.W.r..(.g..P....|
00003440  f6 48 50 e5 38 13 f0 36  38 91 e3 20 6d b7 fc f7  |.HP.8..68.. m...|
00003450  ca 8e 89 0c 9b aa 14 2a  6d 0e 13 c7 6f 3e de 9b  |.......*m...o>..|
00003460  19 68 b9 f8 c1 77 84 dd  53 d7 a8 d4 9a ef 55 a3  |.h...w..S.....U.|
00003470  0f dc 44 91 3c b4 8d 36  e8 4c 99 8a 46 1d 49 9b  |..D.<..6.L..F.I.|
00003480  f4 0b d7 1d 2f 6a 8a a2  b6 2f 6a 29 50 f5 4a a0  |..../j.../j)P.J.|
00003490  d5 64 cc 73 6c 83 d7 f8  66 b4 54 bb e4 7c c0 4b  |.d.sl...f.T..|.K|
000034a0  04 00 b2 82 c3 53 d9 7d  3a b4 e6 39 4e 12 8f d8  |.....S.}:..9N...|
000034b0  47 93 e9 b5 82 75 70 77  27 67 9d a9 c9 a0 e8 65  |G....upw'g.....e|
000034c0  5d 92 46 e6 73 7e 1c be  e3 c4 79 1c b9 86 54 25  |].F.s~....y...T%|
000034d0  29 f3 99 8e 54 23 c3 6a  8c 1c ee 91 61 06 cc 02  |)...T#.j....a...|
000034e0  6f cf 2d 43 c5 eb 8e 46  80 3a c1 5b 2a 2f ee 9d  |o.-C...F.:.[*/..|
000034f0  a9 1a 8d 58 42 2a ac 52  d7 a4 b4 93 3f 29 94 60  |...XB*.R....?).`|
00003500  ab 89 3d b7 24 2d be 91  db 11 1a 0f b6 09 be 44  |..=.$-.........D|
00003510  18 6a 1f 2f 31 e5 6d 4b  aa 8c bf f6 8a 62 9b 2e  |.j./1.mK.....b..|
00003520  49 2e dc a6 08 9e 31 d1  28 23 55 4f 63 c0 69 9a  |I.....1.(#UOc.i.|
00003530  c1 c0 32 43 c1 f2 9c 61  3e 1f db f1 30 27 a3 83  |..2C...a>...0'..|
00003540  ea f7 51 9a b1 3b 59 04  33 7d 77 3e df c5 e5 c1  |..Q..;Y.3}w>....|
00003550  6e dc 32 85 03 37 62 8f  61 be 57 6a 05 ef 08 05  |n.2..7b.a.Wj....|
00003560  7b 61 f8 85 82 6d 18 b2  0f 17 38 6e df 15 eb 1a  |{a...m....8n....|
00003570  fc 2e 16 8b bf 25 62 b9  62 c9 2b 27 b7 fa 4f 7e  |.....%b.b.+'..O~|
00003580  f5 83 7c d7 cc ff c0 6e  88 78 9d f6 34 25 fb 34  |..|....n.x..4%.4|
00003590  c8 de de 22 7b 9a 6d 40  70 b9 7c 1b 2d ff 30 22  |..."{.m@p.|.-.0"|
000035a0  3f ed f7 8f 8e f9 ea df  e3 ed 07 b9 fe df 8a 70  |?..............p|
000035b0  b5 99 be 73 18 16 26 37  fe ad fc 5b 4f d6 8f 27  |...s..&7...[O..'|
000035c0  72 fc 56 3c 99 0e ad 45  af a8 a0 75 18 2c 2a 4a  |r.V<...E...u.,*J|
000035d0  f2 21 65 90 86 26 57 2d  6a 6d 59 9a 9e 33 c0 75  |.!e..&W-jmY..3.u|
000035e0  e5 68 ed 47 44 ed a7 af  4f 7a a5 3c 5a 01 02 46  |.h.GD...Oz.<Z..F|
000035f0  5c 33 84 70 05 38 34 32  36 00 50 4b 03 04 14 00  |\3.p.8426.PK....|
00003600  00 08 08 00 05 5b ee 5a  c1 e6 ba 81 98 05 00 00  |.....[.Z........|
00003610  61 13 00 00 28 00 00 00  73 72 63 2f 6a 73 6f 6e  |a...(...src/json|
00003620  5f 66 6f 72 6d 61 74 2f  66 6f 72 6d 61 74 5f 74  |_format/format_t|
00003630  65 73 74 2e 63 6a 2e 6d  61 63 72 6f 63 61 6c 6c  |est.cj.macrocall|
00003640  b4 94 db 6b db 30 14 c6  df fd 57 1c e4 97 c4 98  |...k.0....W.....|
00003650  24 72 7a 49 cd 02 2d 5d  36 18 6c 8c 35 7b 8a 43  |$rzI..-]6.l.5{.C|
00003660  50 1c d5 71 e7 db a4 13  d6 10 f2 bf 0f c9 92 eb  |P..q............|
00003670  5c 5a b6 87 1a 62 f0 b9  7c 47 fe ce cf a9 58 fc  |\Z...b..|G....X.|
00003680  8b 25 1c 92 27 59 16 3d  75 5b 3c 96 22 67 e8 38  |.%..'Y.=u[<."g.8|
00003690  69 5e 95 02 41 e2 aa b7  29 52 44 2e b1 e7 9d 8d  |i^..A...)RD.....|
000036a0  aa 54 ce 62 51 f6 3c c7  89 33 26 25 7c d2 22 53  |.T.bQ.<..3&%|."S|
000036b0  2e f1 9e 49 0e 3b 07 00  20 e3 08 05 cb 79 08 0f  |...I.;.. ....y..|
000036c0  28 d2 22 69 82 69 51 6d  f0 24 ca 9f 2b 1e 23 5f  |(."i.iQm.$..+.#_|
000036d0  35 09 9d 49 8b 14 3b 6d  15 ff b0 dd 3f e9 eb 9a  |5..I..;m....?...|
000036e0  f1 ea c2 75 2a 7b aa 1b  c6 fa 28 87 09 2d 04 e3  |...u*{....(..-..|
000036f0  5a f0 30 65 45 61 dc e8  eb 82 bd b3 77 9c be 07  |Z.0eEa......w...|
00003700  63 75 c1 24 57 46 ad 60  b9 85 af ca 90 7b 96 65  |cu.$WF.`.....{.e|
00003710  70 ab 6c 80 b4 80 da d9  85 76 32 7e 0a e9 28 a4  |p.l......v2~..(.|
00003720  a6 cf eb 2b 0d 3a ea 51  f0 fa b7 77 88 22 5d 6e  |...+.:.Q...w."]n|
00003730  90 cf a6 93 87 e9 e2 f3  e4 db e4 c7 dd 74 f2 71  |.............t.q|
00003740  0e c7 e6 c2 87 10 b4 c9  3a be 33 22 01 78 7d 75  |........:.3".x}u|
00003750  b6 b6 90 d9 c4 62 30 37  45 43 53 f4 b8 29 62 50  |.....b07ECS..)bP|
00003760  47 fa 2e 38 e2 b6 d3 6d  64 2e 4c 85 dd 07 1a 0d  |G..8...md.L.....|
00003770  09 e3 d9 e1 7e 3b 84 e7  15 6e 41 6a bf 89 0f 44  |....~;...nAj...D|
00003780  ff ba 3e 1c d7 c9 34 af  32 0e e5 f2 89 c7 48 7c  |..>...4.2.....H||
00003790  70 c9 8e a8 3d 90 90 7c  29 d7 05 f1 09 4b 38 09  |p...=..|)....K8.|
000037a0  87 83 3d 71 7d 70 5d 97  a8 dd 99 12 30 35 2a a2  |..=q}p].....05*.|
000037b0  cb 60 38 70 f6 c4 75 dd  d7 27 31 21 d8 56 0f 9a  |.`8p..u..'1!.V..|
000037c0  51 3f f0 87 73 ab 3b 73  00 a8 92 0a d4 6d e8 cc  |Q?..s.;s.....m..|
000037d0  b5 8e 75 e7 b2 f5 ee 8f  a5 e8 d8 77 57 6b 6c 7c  |..u........wWkl||
000037e0  78 b1 ea aa 55 6e ed 4a  4a 85 52 55 bb 6a 7b 6a  |x...Un.JJ.RU.j{j|
000037f0  c4 ba a6 ed fa a8 8d 49  c9 05 4e 7e 6f 58 d6 21  |.......I..N~oX.!|
00003800  49 a9 0c 22 4d a7 c5 8e  f8 4a da 87 93 84 55 1d  |I.."M....J....U.|
00003810  b5 54 f7 26 76 63 62 f6  99 0e 4c c0 3e d3 37 98  |.T.&vcb...L.>.7.|
00003820  a1 d6 15 1a 1c 43 f3 33  c9 da c8 d0 e1 3b 30 53  |.....C.3.....;0S|
00003830  7f 36 ea b3 7a c1 e6 5f  c1 78 9b b0 33 d8 e4 e9  |.6..z.._.x..3...|
00003840  33 5f c1 9f 75 8a 5c 56  2c e6 35 a3 10 a1 81 10  |3_..u.\V,.5.....|
00003850  a2 22 84 48 18 14 55 bc  26 95 ec 22 ac 2b a2 22  |.".H..U.&..".+."|
00003860  8c 44 9d 8e 70 4f ce b1  29 38 cb 5a 33 20 5e 33  |.D..pO..)8.Z3 ^3|
00003870  c1 62 e4 42 aa 8d eb 69  91 16 8b 9a 79 91 56 8c  |.b.B...i....y.V.|
00003880  cc c4 d3 d7 52 83 9a 35  5d fc 1f bd f4 f2 55 7c  |....R..5].....U||
00003890  37 6a bf e7 e1 a5 57 ef  42 2f bd 3e 83 2f 1d 1d  |7j....W.B/.>./..|
000038a0  f3 7b 73 c8 6f 30 78 83  df c0 1a 13 d0 f3 7f 7a  |.{s.o0x........z|
000038b0  7f 39 2d c3 15 77 61 18  80 bf 8a f8 c9 c1 10 ad  |.9-..wa.........|
000038c0  b6 4e 0f ff 1f fe 83 7b  80 3b ee 01 9c 76 a3 30  |.N.....{.;...v.0|
000038d0  74 74 3a 38 8e 7b f7 a3  6a da 5a db b1 ed a3 31  |tt:8.{..j.Z....1|
000038e0  49 93 fc 92 b4 a2 8b 3f  ba a1 6d 7a ce 2e 5a 3b  |I......?..mz..Z;|
000038f0  23 74 a7 9d 9d ab 6b eb  57 75 cf 6e d4 2f 7a 3e  |#t....k.Wu.n./z>|
00003900  d0 b9 3d e4 f6 91 b1 24  cf 41 42 a9 05 d2 b8 5d  |..=....$.AB....]|
00003910  d8 91 8d f7 92 b1 6a 60  1d 20 1b dd e1 74 06 b3  |......j`. ...t..|
00003920  11 b1 72 24 cd ee e2 05  7b 7d 43 f9 5b 0f c4 6a  |..r$....{}C.[..j|
00003930  3b 49 77 36 ac c8 c4 8a  0c ac 09 60 1d 6f 7d 05  |;Iw6.......`.o}.|
00003940  26 89 0d c3 04 48 5d 38  bb 55 3d 9d 36 d4 78 5d  |&....H]8.U=.6.x]|
00003950  ee bb f6 c8 4e 03 af 7a  d6 b5 c1 a6 f0 16 02 e5  |....N..z........|
00003960  d2 5c 5d f5 42 ad f4 0c  3f 60 a6 63 01 99 5e 71  |.\].B...?`.c..^q|
00003970  4e fb 81 b7 4b 6f a0 47  cc 2c a0 48 97 e1 70 66  |N...Ko.G.,.H..pf|
00003980  b5 d7 dd 28 e7 ac 99 b3  a9 ae e2 1e fd 1c 58 4f  |...(..........XO|
00003990  45 1a f2 43 a5 b0 b3 c4  92 1b 69 5d 85 c9 de c8  |E..C......i]....|
000039a0  cd 56 28 78 05 44 36 07  ff 07 76 6e 28 f7 4a 15  |.V(x.D6...vn(.J.|
000039b0  46 78 98 64 81 af 2e 7d  7f 13 42 e2 34 58 9f 0c  |Fx.d...}..B.4X..|
000039c0  45 4c e3 75 e0 a9 3e 7b  3f 5e f9 6f 82 52 5d e7  |EL.u..>{?^.o.R].|
000039d0  e0 9d 44 d2 c4 68 5c 38  c4 36 40 ea e1 23 c2 7d  |..D..h\8.6@..#.}|
000039e0  17 65 2e a7 d3 f4 27 d1  5b b0 91 8c 52 73 9c c6  |.e....'.[...Rs..|
000039f0  b4 e6 7a 84 55 d3 04 a0  68 0e d0 57 cb e4 4b 28  |..z.U...h..W..K(|
00003a00  ac 39 ad 7a 2a 75 cd 97  80 af 8e f7 b7 a0 b4 33  |.9.z*u.........3|
00003a10  94 16 3d 55 68 b5 91 16  b9 61 71 e8 9a ef c2 5b  |..=Uh....aq....[|
00003a20  27 3d eb e3 c8 d0 07 40  38 76 fd 40 f6 62 63 1d  |'=.....@8v.@.bc.|
00003a30  c2 af 9c 16 6c 99 16 8c  2d 32 f2 22 7c 9c 39 e2  |....l...-2."|.9.|
00003a40  d9 39 e0 8b d5 6f 43 3f  3d 6c 74 f0 38 7f 10 3c  |.9...oC?=lt.8..<|
00003a50  89 1e 07 4f 62 1b 78 71  b8 c4 4e d0 b3 d8 49 e2  |...Ob.xq..N...I.|
00003a60  c4 ae a7 0b fe 53 07 5b  82 5d 3f 88 bd c8 24 b3  |.....S.[.]?...$.|
00003a70  42 27 96 b5 44 f2 b5 2c  8b 5e 84 9e c5 f6 78 32  |B'..D..,.^....x2|
00003a80  74 77 e2 ff 28 b1 9a 16  07 61 20 fa 57 82 bf a0  |tw..(....a .W...|
00003a90  bb dd dd 49 60 59 d8 82  3d f7 60 cf c5 ea b4 06  |...I`Y..=.`.....|
00003aa0  34 91 18 d0 9f 5f c6 36  9a 58 a5 f6 16 71 70 9e  |4...._.6.X...qp.|
00003ab0  6f 5e e6 2b a8 fa cb d7  7f d2 1c f8 92 80 ed 4a  |o^.+...........J|
00003ac0  49 c0 d7 7a 49 c0 f7 72  2e 08 b0 0c 0a 81 9f 77  |I..zI..r.......w|
00003ad0  15 02 f0 22 31 cc 72 e3  dc f1 05 5d 80 58 78 c1  |..."1.r....].Xx.|
00003ae0  37 f3 01 e2 1f b3 82 e1  9f cf e2 e0 3e d5 8f 9a  |7...........>...|
00003af0  1a 64 de be fa 0c 89 86  3b c2 5d a8 b8 63 35 68  |.d......;.]..c5h|
00003b00  10 a4 2a d0 48 8b f9 de  e8 aa 1f a2 ff 95 d2 36  |..*.H..........6|
00003b10  b5 98 ef fa 7b 92 60 55  97 64 fe cb 12 f6 17 96  |....{.`U.d......|
00003b20  dd b6 40 83 2c 99 9f c1  b9 1f 13 5b 18 dd b2 b8  |..@.,......[....|
00003b30  cb b0 ee 9b 87 e8 a8 0c  a6 59 91 9e 4b 64 99 ce  |.........Y..Kd..|
00003b40  31 1a 70 c3 14 37 91 3d  3c 88 71 53 20 36 de 99  |1.p..7.=<.qS 6..|
00003b50  78 94 ca a2 b9 d0 38 41  10 0f f7 c5 4e dc 59 54  |x.....8A....N.YT|
00003b60  8d d4 ea e4 2d 0d 5c bf  20 82 71 ce e0 55 36 16  |....-.\. .q..U6.|
00003b70  cd 68 48 bf 4b 45 cb 99  6f 3d 28 82 08 46 fa 7a  |.hH.KE..o=(..F.z|
00003b80  ee fb 73 64 ac 72 7f 1b  2c 4a d0 07 3c 82 5c dd  |..sd.r..,J..<.\.|
00003b90  3d 83 43 5c 83 60 4d 65  4b 58 58 42 9b 45 38 9d  |=.C\.`MeKXXB.E8.|
00003ba0  8b f0 99 39 4a 6a 81 78  0c d2 72 02 57 ee c8 7e  |...9Jj.x..r.W..~|
00003bb0  d4 43 69 57 29 d4 c2 a2  c2 12 bd 71 6a 69 89 e4  |.CiW)......qji..|
00003bc0  7f 43 03 58 f8 43 47 7e  f2 52 14 f2 d3 14 4a 32  |.C.X.CG~.R....J2|
00003bd0  52 c1 83 40 f0 71 1d 00  50 4b 03 04 14 00 00 08  |R..@.q..PK......|
00003be0  08 00 05 5b ee 5a a4 c4  80 43 ed 01 00 00 97 02  |...[.Z...C......|
00003bf0  00 00 14 00 00 00 73 72  63 2f 6c 69 74 65 72 61  |......src/litera|
00003c00  6c 5f 75 74 69 6c 73 2e  63 6a 5c 90 bf 4f c2 40  |l_utils.cj\..O.@|
00003c10  14 c7 f7 fe 15 6f 6b 59  68 5c 0d ba 9a 38 e8 c0  |.....okYh\...8..|
00003c20  68 1c 0e 72 e0 e1 a5 90  6b ab 09 32 68 c2 2f 93  |h..r....k..2h./.|
00003c30  8a 44 23 18 04 8d 82 e8  00 09 11 23 04 ca 7f d3  |.D#........#....|
00003c40  eb d5 89 7f c1 b4 05 63  fc 4e ef ee 7d de f7 fd  |.......c.N..}...|
00003c50  c8 a1 e4 31 4a 63 48 67  f4 ac 26 49 aa 0a 7c d8  |...1JcHg..&I..|.|
00003c60  fc ee bc f0 73 db 7b eb  ba 8f 75 3e 79 e5 a5 89  |....s.{...u>y...|
00003c70  fb fe cc 3b cd 20 fd 34  73 66 b5 9d ac b8 ac ba  |...;. .4sf......|
00003c80  ed 81 63 df 73 ab e1 67  ed eb a5 6d f1 51 f9 5f  |..c.s..g...m.Q._|
00003c90  b9 78 98 f2 d2 58 b4 8a  a1 0f af 2c dc bb 91 33  |.x...X.....,...3|
00003ca0  af 99 06 a1 7a 34 99 e1  d5 b2 e8 cf bd ca d8 1d  |....z4..........|
00003cb0  f6 dc 46 c5 99 7f f9 4d  bc 0b cb fb ec 2e ed 16  |..F....M........|
00003cc0  ef 15 45 bd bc 1b df df  fb f5 15 ad e2 6a b2 1b  |..E..........j..|
00003cd0  8b 0f 9b 62 d0 77 a6 1f  21 e7 de 5e 39 8b 76 b0  |...b.w..!..^9.v.|
00003ce0  85 91 a5 c4 80 1c 62 3a  d6 01 01 25 06 66 88 82  |......b:...%.f..|
00003cf0  62 30 13 ab 29 44 75 ac  6a 26 a5 11 29 65 6a c9  |b0..)Du.j&..)ej.|
00003d00  90 56 fc 13 6c 42 dc 60  44 4b 47 d6 01 9c 49 00  |.V..lB.`DKG...I.|
00003d10  00 27 88 01 81 2d d8 08  5e a7 47 84 62 50 08 c4  |.'...-..^.G.bP..|
00003d20  c0 2f 8a ea 24 8f 23 2b  d2 17 49 41 e0 76 40 0e  |./..$.#+..IA.v@.|
00003d30  21 06 09 19 c9 50 28 c0  fa 67 1b 12 72 5e fe cb  |!....P(..g..r^..|
00003d40  fb 62 d8 30 99 16 42 3f  75 91 b1 0a c2 40 10 44  |.b.0..B?u....@.D|
00003d50  fb 7c c5 96 09 91 f8 39  56 16 6b 5c f4 20 97 84  |.|.....9V.k\. ..|
00003d60  bd d3 54 81 14 d6 82 60  a3 08 b6 b1 b3 14 43 f4  |..T....`......C.|
00003d70  67 22 a7 7f 21 47 42 62  63 3b bb 3b ec 9b 09 02  |g"..!GBbc;.;....|
00003d80  31 ed 87 f9 60 eb fb ce  a0 fc 1c 38 79 0b cd 42  |1...`......8y..B|
00003d90  02 93 4c d6 a4 20 22 9c  8b 78 31 d6 8c 22 b2 20  |..L.. "..x1..". |
00003da0  d9 52 68 52 29 86 04 6e  8a 8c 92 34 b1 02 64 02  |.RhR)..n...4..d.|
00003db0  21 e5 4a e3 2c a2 11 a8  04 32 82 90 09 35 01 42  |!.J.,....2...5.B|
00003dc0  4c 99 65 f7 ac bd d9 5e  5f a7 b2 a9 9f 66 5f 9a  |L.e....^_....f_.|
00003dd0  ea dc dc 0a 73 dc 98 cb  dd 1c ea b6 88 b6 85 4f  |....s..........O|
00003de0  51 bd 1f bb 2e 58 16 d2  55 ff 42 ed 08 ec d2 a4  |Q....X..U.B.....|
00003df0  7f ce 55 9e 93 7f 01 50  4b 03 04 14 00 00 08 08  |..U....PK.......|
00003e00  00 05 5b ee 5a 00 25 98  00 71 02 00 00 de 06 00  |..[.Z.%..q......|
00003e10  00 10 00 00 00 73 72 63  2f 62 6f 6f 6c 5f 65 76  |.....src/bool_ev|
00003e20  61 6c 2e 63 6a cc 53 4f  6b 13 41 14 bf ef a7 78  |al.cj.SOk.A....x|
00003e30  bd 25 50 b6 3d 17 b6 c5  82 7a 50 44 34 77 d9 6c  |.%P.=....zPD4w.l|
00003e40  5e 92 69 27 3b cb cc 6c  25 d8 c2 16 db a6 42 a8  |^.i';..l%.....B.|
00003e50  28 5a a5 56 82 d4 8a 07  c5 40 c5 86 66 f5 cb b8  |(Z.V.....@..f...|
00003e60  b3 1b 4f fd 0a b2 7f 12  d3 6d 68 a5 5e 9c d3 ec  |..O......mh.^...|
00003e70  db f7 fb 33 6f e6 e7 98  d6 b2 59 43 a8 2d 09 66  |...3o.....YC.-.f|
00003e80  6b 1a 69 38 8c 4b 10 b2  a2 5b cc 5e 41 2e f5 bb  |k.i8.K...[.^A...|
00003e90  26 17 66 99 a2 a6 cd cc  80 ea 3d 56 dd 17 83 2f  |&.f.......=V.../|
00003ea0  1b 81 df 0d 3f be 53 6f  5f 25 d5 ce 49 70 b2 73  |....?.So_%..Ip.s|
00003eb0  93 45 4f b6 c3 fd 4f 81  ff 5a b5 77 e3 bf fe d3  |.EO...O..Z.w....|
00003ec0  53 bf ad ba 5b 29 ea 97  d7 1f fc 78 96 62 a3 37  |S...[).....x.b.7|
00003ed0  3d b5 79 14 ed 6d a8 e3  43 b5 79 ac 5a df c3 97  |=.y..m..C.y.Z...|
00003ee0  dd a0 bf e3 4a 42 85 6e  2d a9 ed ad e8 43 7f d0  |....JB.n-....C..|
00003ef0  3a 0a 3f bf 0f 77 5b 41  ff 5b ac 33 58 6f 0f be  |:.?..w[A.[.3Xo..|
00003f00  1e 9c fa 7b 51 bf 13 f4  bc 18 9e 30 2b cf 4f 69  |...{Q......0+.Oi|
00003f10  7f 7a eb d1 7e 47 79 be  7a de 56 eb 2d e5 f9 e1  |.z..~Gy.z.V.-...|
00003f20  81 17 76 0e 53 e9 e4 04  8b 8c d1 eb 2b 26 75 4d  |..v.S.......+&uM|
00003f30  49 98 0d 1c 1d 8e 02 6d  29 40 d6 11 64 d3 41 60  |I......m)@..d.A`|
00003f40  55 28 33 46 d1 b4 01 47  9d 1a da 6e 23 8f 7e a4  |U(3F...G...n#.~.|
00003f50  01 00 c4 85 1b 26 15 4d  58 4d f6 25 ee ca fa f0  |.....&.MXM.%....|
00003f60  e3 8e 4b a9 b6 96 48 67  64 b8 98 91 3b 9c ad 90  |..K...Hgd...;...|
00003f70  0a 0a 70 6d 52 25 58 99  a0 0a 94 d5 88 a5 55 5d  |..pmR%X.......U]|
00003f80  db ca c3 0b 72 0e ee a1  70 a9 9c 4e 7e 95 9a 0e  |....r...p..N~...|
00003f90  ce e5 0c 16 d3 42 e6 b3  61 4a ab 0e 85 61 73 31  |.....B..aJ...as1|
00003fa0  2b c7 cb 32 05 e6 b0 fa  d0 3d 18 f3 a3 be 78 71  |+..2.....=....xq|
00003fb0  94 2e b7 41 ea cb c4 ae  80 61 c0 2d 62 57 f4 e4  |...A.....a.-bW..|
00003fc0  9c 97 d1 a5 53 ca f1 65  b6 52 be 71 53 67 d8 46  |....S..e.R.qSg.F|
00003fd0  22 b0 9a ee 63 2e 04 63  7e e4 87 bb 78 01 f4 be  |"...c..c~...x...|
00003fe0  e4 c4 ae e5 b5 87 8b a2  84 32 18 c9 08 74 c9 9b  |.........2...t..|
00003ff0  f1 a3 c7 82 d4 85 e4 ba  64 d7 84 45 c8 6d f6 10  |........d..E.m..|
00004000  79 a1 58 84 85 05 a8 c6  da 13 89 32 33 53 e5 0b  |y.X........23S..|
00004010  4f d1 28 23 1f b7 ae c7  6f cb 30 60 56 9f 9d 8c  |O.(#....o.0`V...|
00004020  7b 30 d6 7d 5e 7c ed d2  c1 67 4f f2 ea 93 2f 71  |{0.}^|...gO.../q|
00004030  f7 bf 1d f6 15 66 3d f5  8f b3 5e cb 22 9d dc 05  |.....f=...^."...|
00004040  11 75 b0 ea 68 2d 0b 20  55 30 b3 54 02 11 69 7a  |.u..h-. U0.T..iz|
00004050  4d 4a 9b d9 a5 25 39 1e  62 fe 04 f8 6c 4c b3 6b  |MJ...%9.b...lL.k|
00004060  3e 17 f7 e9 49 01 4d 12  55 cc dc c4 11 f8 1b 33  |>...I.M.U......3|
00004070  bf 07 ce 2a 60 b7 40 75  50 c5 29 90 34 06 73 4b  |...*`.@uP.).4.sK|
00004080  5e 69 4e 0e 31 6e 01 a9  83 b8 05 aa 83 2a 6e 01  |^iN.1n.......*n.|
00004090  15 14 9a 5c b5 00 50 4b  03 04 14 00 00 08 08 00  |...\..PK........|
000040a0  05 5b ee 5a b8 25 42 7e  37 01 00 00 b3 01 00 00  |.[.Z.%B~7.......|
000040b0  15 00 00 00 73 72 63 2f  64 65 62 75 67 5f 61 72  |....src/debug_ar|
000040c0  67 5f 74 65 73 74 2e 63  6a 6c 8e b1 0e c2 30 0c  |g_test.cjl....0.|
000040d0  44 77 7f c5 a9 5d a0 43  fe 00 89 0a 3e 80 81 8d  |Dw...].C....>...|
000040e0  c9 04 13 15 da b4 b2 9d  01 f1 f3 28 15 12 0b b7  |...........(....|
000040f0  d9 ef e9 74 0b c7 27 27  41 7a d8 9c 89 86 69 99  |...t..''Az....i.|
00004100  d5 61 7e 0b 25 0f ee 62  1e ba bf df 8a 26 8e 3a  |.a~.%..b.....&.:|
00004110  87 8e 68 7f 16 73 8a 23  9b e1 28 d7 92 7a 4d 27  |..h..s.#..(..zM'|
00004120  56 1b 72 aa 04 6f 02 80  d5 3a b0 c9 7a dd 4b 8e  |V.r..o...:..z.K.|
00004130  a8 2d 3f 77 b3 fd 9a 35  a3 38 ea a8 5e 95 5f d8  |.-?w...5.8..^._.|
00004140  a1 6d 2e cd a7 ca f1 57  41 10 8a e2 f0 de 53 1c  |.m.....WA.....S.|
00004150  6e 4b 41 10 34 0a 41 2f  d2 70 0b b1 22 4c 6e 2d  |nKA.4.A/.p.."Ln-|
00004160  81 42 48 42 61 50 83 0e  e5 c5 a6 5c 82 b4 21 e8  |.BHBaP.....\..!.|
00004170  cf d0 cb 78 ae f6 16 21  82 e8 f6 1b ce 77 be 8f  |...x...!.....w..|
00004180  6a da 54 26 2d 20 03 aa  52 95 66 6b 38 92 19 5b  |j.T&- ..R.fk8..[|
00004190  92 3e a9 17 64 31 da 6d  10 0f 3b 0d 5d 7c 06 b8  |.>..d1.m..;.]|..|
000041a0  37 85 1b 25 a7 f5 64 36  56 2b 12 26 cf 3b d0 05  |7..%..d6V+.&.;..|
000041b0  45 5e 34 0a 5f 0b 48 2f  3b 94 74 d2 2c bf 4b b8  |E^4._.H/;.t.,.K.|
000041c0  9d 70 1b 6f fe ef 68 a5  5f 07 3d 3f fe ac e2 d7  |.p.o..h._.=?....|
000041d0  a6 a2 e4 67 c1 3d 09 f2  5a 3d 4f d5 f3 4e 68 50  |...g.=..Z=O..NhP|
000041e0  a6 48 a0 37 49 99 c0 c0  14 3e 17 7c 4b 99 82 d1  |.H.7I....>.|K...|
000041f0  1d df 4e 1a 5e 70 67 e1  e1 0a a4 4a 18 35 e3 0f  |..N.^pg....J.5..|
00004200  50 4b 03 04 14 00 00 08  08 00 05 5b ee 5a 61 a2  |PK.........[.Za.|
00004210  a6 e7 4e 08 00 00 45 26  00 00 15 00 00 00 73 72  |..N...E&......sr|
00004220  63 2f 75 6e 69 66 69 65  64 5f 70 61 72 73 65 72  |c/unified_parser|
00004230  2e 63 6a 7c 54 cf 4f 13  41 14 be f7 af 78 72 a1  |.cj|T.O.A....xr.|
00004240  0d 4b 89 f1 c7 a1 c9 62  d4 83 c1 18 51 49 bc 78  |.K.....b....QI.x|
00004250  5a 86 a1 1d 58 76 eb ce  6c 01 09 49 4d 0a 05 2d  |Z...Xv..l..IM..-|
00004260  88 46 89 80 01 09 44 7a  c0 06 2f d8 94 e2 5f b3  |.F....Dz../..._.|
00004270  b3 5b 4e fc 0b 66 66 b6  d0 ed 0f f6 b0 99 7d df  |.[N..ff.......}.|
00004280  cc 7b df fb e6 7b 9b 35  d0 b4 91 c6 90 9e a2 b6  |.{...{.5........|
00004290  15 8b 91 99 ac ed 30 a0  6c 22 89 6c d3 c4 88 11  |......0.l".l....|
000042a0  db 4a 3e 74 1c 63 fe 19  a1 2c 16 1b 1a 82 e0 6c  |.J>t.c...,.....l|
000042b0  cf ab e6 9f 8e 8d 3e e7  f9 3a 3f 2c 04 1b cb fe  |......>..:?,....|
000042c0  fe b2 bf 7b 0a 83 e0 ff  fd c3 6b bf 1a 47 07 fe  |...{......k..G..|
000042d0  ee 06 df 2a 7b f5 ef bc  b4 29 0e f1 bd 9a 57 5b  |...*{....)....W[|
000042e0  7f 62 07 ab 2b fe 8f e3  e0 f8 98 ef ec 34 ce 2b  |.b..+........4.+|
000042f0  6a c3 65 bd c4 2b bb c1  fa 49 d6 70 28 1e 1d 9f  |j.e..+...I.p(...|
00004300  c2 88 f1 2f 25 f9 25 6b  07 db 05 5e 29 f1 a5 b2  |.../%.%k...^)...|
00004310  aa 2d 12 fa a7 2b 17 5b  87 77 ee 35 f6 4b 17 c5  |.-...+.[.w.5.K..|
00004320  35 7e b8 16 6c 17 e8 2c  61 28 03 c8 a0 f8 22 7f  |5~..l..,a(....".|
00004330  d6 f8 f7 f9 b2 5e f2 3f  6d f0 b5 a2 77 76 10 fc  |.....^.?m...wv..|
00004340  7c cf 2b ab 7c a9 ec e7  8f 64 1f 91 0e bc ea 07  ||.+.|....d......|
00004350  af fa d1 df 2c 5e d6 4b  c1 d7 b2 57 5b bf 81 8b  |....,^.K...W[...|
00004360  62 a1 0e c6 b2 ee b8 49  10 20 d3 a0 54 e6 7c 6d  |b......I. ..T.|m|
00004370  98 2e 7e 6c 5b 0c cf 31  58 88 01 00 84 7b 4c cc  |..~l[..1X....{L.|
00004380  40 e8 9c 82 31 e6 10 2b  dd 8a e5 0c 07 48 0a 46  |@...1..+.....H.F|
00004390  2c 76 ff 6e 7b 3c 67 98  bd 8e e4 30 45 29 78 64  |,v.n{<g....0E)xd|
000043a0  db 66 fb 21 7b ba 7b 3c  43 58 27 20 98 a1 14 bc  |.f.!{.{<CX' ....|
000043b0  10 3d 87 d4 db f3 65 67  0c 86 32 dd 73 1a a6 9d  |.=....eg..2.s...|
000043c0  ee 55 8f d0 97 2e 76 e6  bb 1f cc 3a 36 0a e1 07  |.U....v....:6...|
000043d0  f1 57 98 ba 26 4b c0 e0  f0 f5 5e f9 22 16 61 f1  |.W..&K....^.".a.|
000043e0  56 e1 b4 2b a9 b4 76 da  5a 84 a8 06 ad d4 34 88  |V..+..v.Z.....4.|
000043f0  90 d1 e0 a6 f2 89 f0 ee  c4 c3 32 84 26 05 01 d0  |..........2.&...|
00004400  e5 05 46 01 02 3a 90 68  28 67 98 a0 43 5f 5f 5b  |..F..:.h(g..C__[|
00004410  14 53 04 3a 4c 1a 26 c5  51 c4 9e ee 1e cf 10 d6  |.S.:L.&.Q.......|
00004420  1d 10 79 50 34 87 ea 1b  f4 50 80 28 a8 64 00 3d  |..yP4....P.(.d.=|
00004430  d4 a3 ad 01 a5 8a 68 43  ad da 12 37 55 12 b9 9b  |......hC...7U...|
00004440  6b b9 65 31 b6 28 47 49  44 31 a5 57 ee 1f b1 e4  |k.e1.(GID1.W....|
00004450  95 38 e1 bf 22 d8 2e 44  86 8d 17 cf fd 6f 27 d7  |.8.."..D.....o'.|
00004460  53 dc 6b d4 bc ea ef de  b3 1d 9b 74 2d d4 b3 72  |S.k........t-..r|
00004470  1c b1 b9 54 c7 38 6a 20  8d 31 cf 70 22 05 f1 d0  |...T.8j .1.p"...|
00004480  40 ca 0a e2 dd bc 72 25  64 1c 65 5a 3d 20 fe 2a  |@.....r%d.eZ= .*|
00004490  30 de df d7 0f fa f0 55  50 02 6c 2e 49 06 06 22  |0......UP.l.I.."|
000044a0  31 31 4f 71 0b cf 8e 68  40 99 a3 01 a6 c8 c8 e2  |11Oq...h@.......|
000044b0  09 0d a8 8b 84 52 09 21  a5 e8 5a f9 59 b0 95 fe  |.....R.!..Z.Y...|
000044c0  d2 54 b6 44 67 01 d0 41  e4 eb 00 94 d3 28 73 3a  |.T.Dg..A.....(s:|
000044d0  11 e5 b6 b0 74 07 2c dd  10 d2 89 80 91 0f 32 09  |....t.,.......2.|
000044e0  f1 5b 6a 7b ab 18 cd c7  c1 cc 75 2c 90 fc 89 06  |.[j{......u,....|
000044f0  cc 71 b1 a6 fc 1d 6d 61  f1 e6 0a f2 b8 b2 5e b7  |.q....ma......^.|
00004500  2a 42 cd b7 aa 51 e4 60  83 85 aa a9 ff 45 3c 54  |*B...Q.`.....E<T|
00004510  41 93 5c e5 07 a6 28 01  0b e0 5a aa f7 e6 8e 37  |A.\...(...Z....7|
00004520  b7 93 c9 70 99 a4 e4 dd  7f 76 cb 5f a5 61 20 8e  |...p.....v._.a .|
00004530  e3 af f2 ed d2 34 c4 12  ba d7 c5 07 e8 e2 58 3a  |.....4........X:|
00004540  24 25 62 69 d3 48 34 74  a8 85 8a 0a 0e 0a 52 b4  |$%bi.H4t......R.|
00004550  82 76 70 50 e9 22 74 10  a9 56 df 26 e9 9f b7 90  |.vpP."t..V.&....|
00004560  4b 72 a1 f1 ee d2 14 41  1c 5c af d7 bb df bf cf  |Kr.....A.\......|
00004570  27 67 e4 0b 15 19 1d 18  8d 7d 03 6d 88 37 a1 23  |'g.......}.m.7.#|
00004580  33 89 93 bb 48 58 db 96  69 e4 c8 10 ca 28 e6 fd  |3...HX..i....(..|
00004590  33 22 42 78 99 d0 bf 92  4d 39 92 92 2c da 25 ac  |3"Bx....M9..,.%.|
000045a0  2e a9 31 1b 0f 5b 64 76  25 4c 95 96 69 b7 76 c0  |..1..[dv%L..i.v.|
000045b0  bb 9c fe 1c 88 42 14 de  b7 c6 fb 2d a7 9d 87 aa  |.....B.....-....|
000045c0  42 b7 0d ad 8e 1d db 32  d1 b0 ac 3d 26 de 0e b3  |B......2...=&...|
000045d0  42 4e aa 92 de 38 c6 1f  ea 33 77 c0 d9 16 08 e6  |BN...8...3w.....|
000045e0  3b 74 46 5b c2 21 74 a9  cc a8 83 d6 3a 54 77 36  |;tF[.!t.....:Tw6|
000045f0  8b 4c 42 67 54 15 8b 6e  cf fb ec 05 ef ab c5 a0  |.LBgT..n........|
00004600  3b 7f 3a f2 06 c3 f9 e8  78 76 35 9c f6 df 02 bb  |;.:.....xv5.....|
00004610  92 d7 d4 dd bd 3b 7e 4f  78 c1 04 cf 23 77 7c e1  |.....;~Ox...#w|.|
00004620  5d 9e af 82 3a d6 db 38  d5 21 3b cc 09 4b fa b3  |]...:..8.!;..K..|
00004630  b5 56 24 bb ad 86 55 ad  27 bb 0e 54 a8 3c df 21  |.V$...U.'..T.<.!|
00004640  e6 3c 5b 6b 31 17 73 39  5d 61 17 1a 70 cc 30 e4  |.<[k1.s9]a..p.0.|
00004650  cb 11 f7 0b 9f b9 1f 78  00 6b b9 00 eb fb 00 5c  |.......x.k.....\|
00004660  ce f8 ab e9 dc 80 a5 99  4d f6 03 27 dc b5 1d 21  |........M..'...!|
00004670  8e 9f e7 8a b4 1d 4b 49  34 7b 79 32 e3 4d 21 dc  |......KI4{y2.M!.|
00004680  35 28 28 a0 08 3a f7 fe  b7 87 b0 4e 17 ca c1 c0  |5((..:.....N....|
00004690  2b 28 54 90 d9 84 2e 39  12 4f bb aa 8a 92 56 9a  |+(T....9.O....V.|
000046a0  9e f5 bd d3 57 77 d2 77  27 8f 4d ef a3 eb 3d bc  |....Ww.w'.M...=.|
000046b0  cc 6e 4f a6 d7 23 ef f9  86 cf a1 ad b5 36 d0 74  |.nO..#.......6.t|
000046c0  cc 08 c3 92 63 ea 86 9d  96 43 c5 27 cd 0f 9a eb  |....c....C.'....|
000046d0  ec 5f 80 31 08 38 c4 31  4a e7 9f c7 2f 29 50 2f  |._.1.8.1J.../)P/|
000046e0  3f 12 d9 a0 50 c0 51 51  93 10 43 e4 e7 3f 5c b5  |?...P.QQ..C..?\.|
000046f0  8d be be 42 5e 69 4e 0e  d6 d4 5f 94 58 ae 60 ab  |...B^iN..._.X.`.|
00004700  50 92 9f 93 59 a2 81 9a  df f4 f4 62 35 b1 26 e8  |P...Y......b5.&.|
00004710  4c 85 41 91 e4 73 72 20  09 3e 3c b3 24 23 28 b1  |L.A..sr .><.$#(.|
00004720  1c 94 ee 47 93 bc c2 60  4a f2 44 c7 10 8d aa 9c  |...G...`J.D.....|
00004730  12 48 b3 32 0d a3 e6 01  b5 66 ca c0 23 04 28 29  |.H.2.....f..#.()|
00004740  3e 16 43 11 09 b9 03 5a  47 e1 c8 19 b8 5b 65 58  |>.C....ZG....[eX|
00004750  db bb c4 f5 f5 40 2d 0d  90 37 40 55 62 09 a8 4a  |.....@-..7@Ub..J|
00004760  84 b6 cd 42 8a 4a 53 31  f3 06 52 4f 0e ac ca 0d  |...B.JS1..RO....|
00004770  d4 dc c0 a6 6c b4 2f 87  16 00 f8 fa 72 24 77 dc  |....l./.....r$w.|
00004780  e8 15 69 54 e8 98 01 d8  33 7f 97 f6 81 30 8c ef  |..iT....3....0..|
00004790  fd 2b ce 29 0d ed 17 be  ab 20 2e 4e 05 c9 e6 e4  |.+.)..... .N....|
000047a0  20 d2 46 73 83 11 92 16  14 2a 64 70 6c 41 f0 47  | .Fs.....*dplA.G|
000047b0  ab 0e 82 62 91 62 ed 7a  88 d2 7f e6 9a e8 e4 bf  |...b.b.z........|
000047c0  20 6f de bb 6b ae 67 ac  3a 08 a2 e3 cb 25 a1 bd  | o..k.g.:....%..|
000047d0  bb f7 ee 79 3e cf da 5b  8a 8d 86 4e 63 cb 0d 68  |...y>..[...Nc..h|
000047e0  75 c9 5b 0f 00 01 e5 01  89 e2 9f ae fa 18 ef 20  |u.[............ |
000047f0  bf d9 e7 fc 04 5d 55 98  78 9d c2 cc f3 00 81 af  |.....]U.x.......|
00004800  d6 25 24 be 8a e2 8b eb  f1 a0 93 dc f6 e2 ee 70  |.%$............p|
00004810  7c d0 e3 ec 1e 2d 09 3a  14 1c 42 62 3b dd 60 8a  ||....-.:..Bb;.`.|
00004820  c7 02 81 15 bd a6 9a db  23 8b 70 fa ff b7 52 bf  |........#.p...R.|
00004830  e4 91 05 a8 e6 2d 9b 34  9b 50 a6 57 c3 3f 2b 5b  |.....-.4.P.W.?+[|
00004840  95 a0 ca ce ba 1c a0 da  63 15 ad 72 2c 09 b2 c1  |........c..r,...|
00004850  1f a5 c4 18 64 d7 8a 4f  37 a8 5b 5b de de a4 55  |....d..O7.[[...U|
00004860  c2 1f 47 c9 91 08 a0 10  9f 88 98 ab 7d cc 59 5f  |..G.........}.Y_|
00004870  f0 6d f8 c6 d3 e8 34 ee  0e 39 8b 38 eb 27 77 d1  |.m....4..9.8.'w.|
00004880  b8 75 82 a1 d7 cb 43 8b  b3 c3 e7 ce 0d e6 4b f1  |.u....C.......K.|
00004890  f9 28 6e 5f 62 c6 e5 ef  72 36 48 ce f6 91 76 1b  |.(n_b...r6H...v.|
000048a0  31 96 cc 98 90 78 e7 fe  c4 9c 88 24 83 ba f1 3a  |1....x.....$...:|
000048b0  d4 61 37 1c d8 14 a6 59  79 d3 ec 89 27 57 82 96  |.a7....Yy...'W..|
000048c0  c5 b5 ea 34 a4 ec 29 da  1a 14 ca 6c a0 34 4d f2  |...4..)....l.4M.|
000048d0  44 56 b2 2a 74 c7 e7 a0  fa 34 40 07 a6 5b 26 c0  |DV.*t....4@..[&.|
000048e0  23 75 70 8e d0 3c 35 cf  b6 21 35 e6 de 87 d6 b3  |#up..<5..!5.....|
000048f0  ff 93 fc d8 9e a1 9c 42  08 4b e0 aa 43 d6 6c b4  |.......B.K..C.l.|
00004900  b9 62 cf 61 3d 00 ee 1c  d6 03 c5 9c b5 87 73 19  |.b.a=.........s.|
00004910  9a f9 a2 fe 9e 56 c9 65  c2 19 33 21 39 ec e6 8a  |.....V.e..3!9...|
00004920  5f 73 77 8a e9 6c 86 65  42 6d c4 f5 f6 17 a8 86  |_sw..l.eBm......|
00004930  24 1a 1a cd c0 b5 fe 76  8a 21 36 80 69 8d d4 ce  |$......v.!6.i...|
00004940  25 25 a5 59 27 0b 3e 01  0a af 42 04 0d ac 42 c7  |%%.Y'.>...B...B.|
00004950  15 38 b5 e4 74 40 61 c3  a0 a9 c5 48 e3 2f 39 39  |.8..t@a....H./99|
00004960  1a 04 dd 0d d7 87 2d 9e  f0 8f 45 95 60 ed 11 60  |......-...E.`..`|
00004970  71 09 a8 25 8d dd 25 a8  09 0a 87 2b e0 8e 80 8e  |q..%..%....+....|
00004980  73 a7 11 6b 2f b8 6d 4e  45 8b 71 0e b0 e3 1d 88  |s..k/.mNE.q.....|
00004990  c6 6a 3f 68 52 72 fb ee  a7 5d 0b c0 25 fa ba 9e  |.j?hRr...]..%...|
000049a0  67 53 b7 3c 6b 58 fe 72  55 cf 8b f5 8d a0 b5 01  |gS.<kX.rU.......|
000049b0  1b 77 3f d9 b3 e7 69 df  7c 70 4c 42 26 32 41 05  |.w?...i.|pLB&2A.|
000049c0  37 a4 9c 46 2f 80 60 e9  4e c1 4e c1 00 57 3b 32  |7..F/.`.N.N..W;2|
000049d0  27 b1 b8 04 5c 8b 82 bb  56 d1 70 2d ba 0a 86 b1  |'...\...V.p-....|
000049e0  58 bb 2a b0 4a ab 1a 5c  29 c2 b5 83 47 0e 6b d5  |X.*.J..\)...G.k.|
000049f0  09 4d d8 10 5f e8 29 60  1d 7e 05 0f ff 42 5d 10  |.M.._.)`.~...B].|
00004a00  8d c5 05 b1 34 75 01 ce  2c 48 7c 3d 45 7c 01 8a  |....4u..,H|=E|..|
00004a10  18 51 46 2b 23 88 29 3b  c9 ef 5c 80 56 cb ac df  |.QF+#.);..\.V...|
00004a20  f9 bc 73 e7 b3 75 5d c8  8d a8 17 fb 67 bf 58 d8  |..s..u].....g.X.|
00004a30  f3 64 c7 d2 67 0b f6 40  d2 23 de e4 91 09 8e 1c  |.d..g..@.#......|
00004a40  45 48 b1 ac a7 17 ab 57  5c 92 58 54 52 0c f2 8a  |EH.....W\.XTR...|
00004a50  86 52 66 5e 1a 68 51 45  a5 92 26 3d d3 8b 27 3e  |.Rf^.hQE..&=..'>|
00004a60  27 79 0e 88 93 fc f0 39  c9 2f d1 8f f6 01 04 18  |'y.....9./......|
00004a70  b8 88 c2 d5 97 a4 67 ed  86 b5 41 41 4c bb af 16  |......g...AAL...|
00004a80  00 50 4b 03 04 14 00 00  08 08 00 05 5b ee 5a 28  |.PK.........[.Z(|
00004a90  f6 6b 39 c2 02 00 00 32  0c 00 00 12 00 00 00 73  |.k9....2.......s|
00004aa0  72 63 2f 70 61 72 73 65  72 5f 74 65 73 74 2e 63  |rc/parser_test.c|
00004ab0  6a b4 53 31 6b 1b 31 14  de f5 2b 1e e7 c5 09 87  |j.S1k.1...+.....|
00004ac0  dd 80 49 8a e1 20 b4 53  26 17 5c ba 54 8b 72 f7  |..I.. .S&.\.T.r.|
00004ad0  ec a8 be 93 5c e9 1d 09  94 6c dd 42 a7 36 6b e7  |....\....l.B.6k.|
00004ae0  4e 6d 97 4e 85 fe 9a e2  f4 67 14 c9 aa 63 55 26  |Nm.N.....g...cU&|
00004af0  38 06 bf e9 fc 7d 9f 9e  bf ef e9 69 2e ca 99 98  |8....}.....i....|
00004b00  22 4c df 58 ad 18 93 cd  5c 1b 02 4b 55 af 55 92  |"L.X....\..KU.U.|
00004b10  08 2d f5 0e 37 a2 8e 6a  44 69 74 ef 90 b1 7e 1f  |.-..7..jDit...~.|
00004b20  16 3f 6e fe 7c bb bd fb  f4 e5 f7 af 9b c5 ed f7  |.?n.|...........|
00004b30  c5 87 af 77 3f 3f 2e 3e  bf 67 65 2d ac 85 31 19  |...w??.>.ge-..1.|
00004b40  a9 a6 2f 84 b1 f8 12 2d  3d 17 16 e1 1d 03 00 a8  |../....-=.......|
00004b50  91 40 89 06 87 41 b3 02  a5 9a b7 94 a0 96 84 a1  |.@...A..........|
00004b60  21 9c 29 3a 1e ac c0 4b  a1 e8 4c 55 78 b5 89 18  |!.):...K..LUx...|
00004b70  93 49 ba b8 03 af d0 96  43 78 a6 75 1d c1 a3 59  |.I......Cx.u...Y|
00004b80  00 3d 2a 95 a4 ee ba bd  3c f6 95 47 86 f2 c4 49  |.=*.....<..G...I|
00004b90  0e be 8d 2f c7 ad 99 c9  ff 73 91 47 7f 7f 10 c6  |.../.....s.G....|
00004ba0  e3 8a 2e a4 ed 39 13 50  f8 51 c5 84 f7 03 c5 d2  |.....9.P.Q......|
00004bb0  57 4c 79 6f 50 2c 3d c6  d4 ca 28 14 f7 a6 53 c9  |WLyoP,=...(...S.|
00004bc0  98 4c 10 8c c9 a4 b4 73  1f 78 f7 99 0a 46 b3 40  |.L.....s.x...F.@|
00004bd0  8f 66 9e bc 66 d7 8c 9d  ba 15 08 8b e1 57 c2 38  |.f..f........W.8|
00004be0  20 04 3e fd b7 1f fe d7  a4 55 25 b8 5d f3 ba e5  | .>......U%.]...|
00004bf0  e0 ba eb b3 71 d7 46 e1  84 85 02 5e df cf 1b 60  |....q.F....^...`|
00004c00  d3 da 75 23 81 af ec 5c  58 59 82 f5 dd b3 3c 11  |..u#...\XY....<.|
00004c10  74 b2 ec 02 eb 5a 67 59  27 25 8f 52 e8 e4 91 2d  |t....ZgY'%.R...-|
00004c20  26 a2 b6 98 9e 21 d3 62  04 1e e4 bb 84 43 5b 8a  |&....!.b.....C[.|
00004c30  39 56 f0 b6 d5 84 0f a4  03 9e 5d 6a 53 57 3c db  |9V........]jSW<.|
00004c40  36 e7 d1 c9 ce dd 5c b6  bd 25 6e 95 2c 75 85 b0  |6.....\..%n.,u..|
00004c50  4c fe 60 e4 76 30 39 7e  b2 75 de c1 6e ad f6 1a  |L.`.v09~.u..n...|
00004c60  b6 91 57 58 85 a8 76 73  56 7e ce 89 2b 3e e1 86  |..WX..vsV~..+>..|
00004c70  73 de 7f c4 fd 3e dd bd  dd 9e 2f 98 d0 34 52 09  |s....>..../..4R.|
00004c80  c2 6a 8b 67 bb dd ab fd  2b 33 4c 55 88 9c 8f c5  |.j.g....+3LU....|
00004c90  08 1c b9 16 2c 4c 8d 6c  9b 5b 50 52 89 d7 73 c4  |....,L.l.[PR..s.|
00004ca0  26 5b 23 ac b1 a8 44 82  9f a8 54 12 65 e6 95 25  |&[#...D...T.e..%|
00004cb0  e6 64 a6 e0 cd 97 31 15  c4 7a 0b 7b 66 c4 a1 9f  |.d....1..z.{f...|
00004cc0  a6 c9 31 3f 2f a7 52 21  bf 20 35 0f 5f 19 4b 6c  |..1?/.R!. 5._.Kl|
00004cd0  19 83 3d b2 e8 9f fe 8a  4b 8b 8a f2 d3 13 4b 52  |..=.....K.....KR|
00004ce0  15 0a 12 33 8b 70 14 2c  a5 2e 16 c6 2e 31 a5 2e  |...3.p.,.....1..|
00004cf0  ae 06 94 16 a2 31 84 8c  22 36 06 e1 c1 17 cb 05  |.....1.."6......|
00004d00  67 a6 e5 17 29 68 c0 5a  09 0a 99 79 88 16 03 72  |g...)h.Z...y...r|
00004d10  53 42 01 da 9c d0 48 cf  87 34 87 74 14 d2 f3 41  |SB....H..4.t...A|
00004d20  ed 1e 30 0d 6a df 00 06  66 f8 67 6b 2a d8 2a 14  |..0.j...f.gk*.*.|
00004d30  20 b5 47 60 a6 41 9a 62  3a 70 d3 21 ed 2f 4d 14  | .G`.A.b:p.!./M.|
00004d40  0b 1c 1c 8b 8b 53 8b 4a  e0 76 28 e8 c0 55 23 9a  |.....S.J.v(..U#.|
00004d50  64 38 b5 80 1d 83 a2 21  b8 a4 08 a7 6a 70 eb 0c  |d8.....!....jp..|
00004d60  d5 7c 90 10 4e f5 fe d9  a8 8a fd b3 11 4a 6b 61  |.|..N........Jka|
00004d70  cd 37 00 50 4b 03 04 14  00 00 08 08 00 05 5b ee  |.7.PK.........[.|
00004d80  5a 14 cc b8 82 d3 03 00  00 8a 0a 00 00 11 00 00  |Z...............|
00004d90  00 73 72 63 2f 67 6a 73  6f 6e 5f 74 65 73 74 2e  |.src/gjson_test.|
00004da0  63 6a ac 54 cb 4e 14 41  14 dd f7 57 54 6a 33 33  |cj.T.N.A...WTj33|
00004db0  a6 d3 0d 71 47 42 c2 63  41 f0 81 04 dc 21 8b 4a  |...qGB.cA....!.J|
00004dc0  f7 a5 29 a6 a7 ba 53 55  33 88 84 c4 44 4c 8c 0e  |..)...SU3...DL..|
00004dd0  ca c2 81 c4 0d 8f 04 37  1a c0 28 31 20 ea cf 58  |.......7..(1 ..X|
00004de0  3d e3 5f 98 aa e9 79 00  0d bd 90 5a cc a4 ef 3d  |=._...y....Z...=|
00004df0  55 75 ce b9 f7 56 4c bc  32 09 00 05 4b 22 62 96  |Uu...VL.2...K"b.|
00004e00  65 d1 4a 1c 71 89 84 f4  9d 2a a3 52 82 90 ce 9d  |e.J.q....*.R....|
00004e10  cc a8 4e 55 88 c7 a3 8b  79 60 35 27 00 39 1e 55  |..NU....y`5'.9.U|
00004e20  2a 84 f9 0f 28 03 cb 1a  79 0c 42 5a 5e 48 84 40  |*...(...y.BZ^H.@|
00004e30  13 f7 66 1f 4d e9 6f b4  6a 21 84 90 eb a2 e4 e4  |..f.M.o.j!......|
00004e40  4d eb a8 91 34 8e 93 8d  43 13 0b 41 22 cd 07 0d  |M...4...C..A"...|
00004e50  23 8c b1 09 b5 c1 7a 61  46 2a 80 87 10 1e 0d a9  |#.....zaF*......|
00004e60  07 d8 ee 25 48 a0 e3 77  07 fa 42 a2 4c c3 50 e0  |...%H..w..B.L.P.|
00004e70  21 34 87 27 22 6c 23 3c  53 15 52 ff 8f 13 16 2c  |!4.'"l#<S.R....,|
00004e80  51 c0 f3 fd fb 7d 9f 83  d0 e8 de 6d 26 e1 51 b9  |Q....}.....m&.Q.|
00004e90  a2 6f 1c 03 ba 44 59 d0  77 a7 49 3f a3 b1 ce 0e  |.o...DY.w.I?....|
00004ea0  0e e8 85 bb b9 35 ab f7  ab 65 5c 94 8b 02 90 28  |.....5...e\....(|
00004eb0  d9 3a 4d be 36 9a 1f d6  d5 ce 59 73 ef b9 7a bd  |.:M.6.....Ys..z.|
00004ec0  d3 7a f1 d3 e0 8c 65 e3  44 80 f9 5a a8 32 0f 69  |.z....e.D..Z.2.i|
00004ed0  c3 27 40 8e 11 41 bd 62  a9 8f a3 b6 8b 83 40 c3  |.'@..A.b......@.|
00004ee0  fa cc a2 36 ce 4e 5d 2a  75 31 23 a3 42 00 97 45  |...6.N]*u1#.B..E|
00004ef0  0e c2 29 53 e6 db e8 3e  65 be 33 2b 39 65 41 36  |..)S...>e.3+9eA6|
00004f00  4c 48 6e 77 5c 2e a5 5a  ae 94 ac f9 63 bd f9 6d  |LHnw\..Z....c..m|
00004f10  5f 9d 37 72 58 8f 72 4e  56 26 99 0f 4f f3 a9 b7  |_.7rX.rNV&..O...|
00004f20  8b e6 0c de 06 7d 53 ef  6c f6 ea a4 ae 0e b6 d5  |.....}S.l.......|
00004f30  d1 69 eb cb 5e 0e fb 29  10 12 fc 7c e6 69 07 39  |.i..^..)...|.i.9|
00004f40  a6 61 6e 81 7d a7 e1 b2  05 fc f9 7d f8 f7 e0 b8  |.an.}......}....|
00004f50  f9 f9 23 1a 89 39 48 b9  72 93 8a 87 91 4f 17 28  |..#..9H.r....O.(|
00004f60  f0 69 83 cc 97 92 1e 99  af 42 cf 73 36 88 93 65  |.i.......B.s6..e|
00004f70  c7 8b 98 24 94 89 22 7e  c2 70 a9 64 7a 67 f7 5c  |...$.."~.p.dzg.\|
00004f80  9d bf 53 f5 2d b5 f9 56  9d bd 57 f5 97 6a f3 53  |..S.-..V..W..j.S|
00004f90  b2 b1 df da ab 5f 92 d9  6d b4 3e a5 1c 6a c0 d3  |....._..m.>..j..|
00004fa0  b1 70 dd 4b 73 e2 ba bd  51 e9 08 9e 69 6f e8 2a  |.p.Ks...Q...io.*|
00004fb0  76 dd eb 87 a6 dd 79 9d  3b 52 ed e9 86 6b 26 a8  |v.....y.;R...k&.|
00004fc0  27 3f 03 c7 c9 b2 8d 0a  73 dd d7 c6 4e df 1f fd  |'?......s...N...|
00004fd0  18 cd 17 ba db ae cc d5  f6 6e d2 78 d5 fa 7e a4  |.........n.x..~.|
00004fe0  7e ad df 54 d3 49 56 23  21 f5 a7 89 5c cc 2f 28  |~..T.IV#!...\./(|
00004ff0  6d 83 9d 98 c8 c5 fc aa  4e 55 c3 30 bb eb 50 4c  |m.......NU.0..PL|
00005000  b8 80 f4 e9 ba 89 dd 34  e9 b7 fd a2 e7 e6 8c 62  |.......4.......b|
00005010  61 15 97 c1 bc ac 35 12  56 01 af 15 fe af db 6c  |a.....5.V......l|
00005020  74 dd 89 97 1d 6e 13 f8  27 bf d2 dc a4 d4 22 82  |t....n..'.....".|
00005030  7e 80 28 c3 f0 89 06 38  76 f3 4a 73 35 61 1e 82  |~.(....8v.Js5a..|
00005040  2a 54 37 34 32 d6 33 31  d5 51 d7 51 30 c0 e2 21  |*T742.31.Q.Q0..!|
00005050  90 2e 25 88 12 2c f1 90  57 9a ab a3 00 91 85 85  |..%..,..W.......|
00005060  3f 1e f7 05 95 e6 a5 66  96 20 3b 0d e4 c5 39 9d  |?......f. ;...9.|
00005070  cf a6 76 28 84 e6 65 26  e7 a7 a4 2a bc d8 bb e6  |..v(..e&...*....|
00005080  c9 ce 4e 98 3c 3c 19 43  74 2a 2b 99 a4 99 19 28  |..N.<<.Ct*+....(|
00005090  29 6b ea 28 14 a9 3f d9  bb 40 1d 9c 45 9f ec 9e  |)k.(..?..@..E...|
000050a0  fc 72 51 e7 d3 b5 d3 5f  ce 5d f4 b2 bd ff c5 fa  |.rQ...._.]......|
000050b0  b5 b0 b8 c6 66 82 91 81  91 05 d4 84 98 d2 6a 10  |....f.........j.|
000050c0  af 16 62 0c 5e 87 80 e4  21 e9 1c bf fb dc dd dd  |..b.^...!.......|
000050d0  dd a1 a6 1b 40 8d 05 6b  53 c8 48 ad c0 e9 24 03  |....@..kS.H...$.|
000050e0  03 24 2d e0 40 79 b2 a3  f7 e9 ba 9e 67 53 b7 10  |.$-.@y......gS..|
000050f0  b0 ce d0 c8 18 59 2b 0e  9d b5 68 c9 29 35 0f 14  |.....Y+...h.)5..|
00005100  d4 a0 d8 50 78 da be f7  d9 d4 0d f8 22 cd 15 ae  |...Px......."...|
00005110  18 25 4d 01 a6 af af e0  18 ec ec e9 a9 f0 74 ed  |.%M...........t.|
00005120  f4 e7 6b 96 a1 a6 b5 a4  ca 92 d4 62 43 1d 85 e2  |..k........bC...|
00005130  cc aa 54 43 50 82 43 d8  a8 01 8d 38 8c 94 06 56  |..TCP.C....8...V|
00005140  ab a3 60 8c 29 03 33 0d  ac 51 af 24 1f 5c 3b 6b  |..`.).3..Q.$.\;k|
00005150  68 6a 72 71 61 b1 d5 08  62 ab 11 86 ad 89 38 ec  |hjrqa...b.....8.|
00005160  34 d2 51 30 c4 61 a7 91  8e 82 7a 22 8a 8d 0a 90  |4.Q0.a....z"....|
00005170  12 bf 96 0b 00 50 4b 03  04 14 00 00 08 08 00 05  |.....PK.........|
00005180  5b ee 5a ad f1 bd 4f 69  01 00 00 d0 01 00 00 0c  |[.Z...Oi........|
00005190  00 00 00 73 72 63 2f 75  74 69 6c 73 2e 63 6a 5c  |...src/utils.cj\|
000051a0  8e 4f 0a 82 50 18 c4 f7  9d c2 0b 54 c7 e8 1c 11  |.O..P......T....|
000051b0  11 fd a1 82 6a 5f a4 a9  61 1a 44 1a 62 59 98 e1  |....j_..a.D.bY..|
000051c0  22 c9 55 8a ef 79 9b ef  7b 2f 57 5d 21 1e ee 82  |".U..y..{/W]!...|
000051d0  d9 cc 30 fc 66 a6 ed ce  b0 dd eb 4a bd c1 6c 32  |..0.f......J..l2|
000051e0  ae d5 9a 4d 69 31 ef 8f  66 8d ce 40 aa 4b a5 ba  |...Mi1..f..@.K..|
000051f0  63 17 19 f7 26 77 65 4c  43 54 52 54 0b 76 4c 98  |c...&weLCTRT.vL.|
00005200  ad 02 79 8b 32 fa 39 e4  66 6b c2 75 8d 79 4f a0  |..y.2.9.fk.u.yO.|
00005210  27 34 6c 16 dd 90 5a 5f  6a 30 43 c7 ad ff 59 17  |'4l...Z_j0C...Y.|
00005220  22 39 3b a8 6d f8 83 00  09 f8 75 85 5a 02 d9 a1  |"9;.m.....u.Z...|
00005230  74 22 ee ca 15 0d b2 58  00 59 7c af 3c 37 13 f4  |t".....X.Y|.<7..|
00005240  22 28 3c c8 72 4e 7c c8  96 7f 27 f0 45 51 09 85  |"(<.rN|...'.EQ..|
00005250  ac 40 8c 59 bf 2a c8 27  77 41 18 88 c2 57 f1 06  |.@.Y.*.'wA...W..|
00005260  9c e1 b7 fc ed 3c 12 24  10 63 82 50 13 c5 88 1a  |.....<.$.c.P....|
00005270  dd 90 12 12 70 61 44 b0  15 2e 33 d3 d1 15 57 30  |....paD...3...W0|
00005280  6d fd 13 f7 33 ef fb de  63 d0 6d 90 cd 91 45 18  |m...3...c.m...E.|
00005290  48 ac 5a e5 72 53 48 b7  48 cc f9 e4 6a 1d ac 0f  |H.Z.rSH.H...j...|
000052a0  34 a5 8e 34 61 83 0c a1  df a9 d0 fb 1b ff 7f bf  |4..4a...........|
000052b0  1d 67 74 ef d7 ea 70 c1  a0 06 91 58 31 8c 8f 20  |.gt...p....X1.. |
000052c0  32 12 9c 44 09 b7 9e 16  39 46 7b b5 9d ea 2c a3  |2..D....9F{...,.|
000052d0  a4 92 16 65 6c d0 20 22  64 3e 34 85 e5 ea b2 06  |...el. "d>4.....|
000052e0  fd a3 64 04 5e 2c e2 33  3b df c3 3b 63 57 bc 87  |..d.^,.3;..;cW..|
000052f0  a5 d4 b7 db 52 99 d0 32  1b 64 88 2c 54 ab fa e3  |....R..2.d.,T...|
00005300  4c f9 09 ab 54 b9 fc 09  50 4b 03 04 14 00 00 08  |L...T...PK......|
00005310  08 00 05 5b ee 5a ed 0a  d3 bb a7 06 00 00 4f 17  |...[.Z........O.|
00005320  00 00 13 00 00 00 73 72  63 2f 73 74 72 69 6e 67  |......src/string|
00005330  5f 75 74 69 6c 73 2e 63  6a a4 54 df 6b d3 50 18  |_utils.cj.T.k.P.|
00005340  7d cf 5f 71 18 b8 b4 b4  4d db 3d 0e 53 d0 47 11  |}._q....M.=.S.G.|
00005350  7d d8 e3 5a 24 cd ee ba  5b b3 9b 92 dc 2a 2a 81  |}..Z$...[....**.|
00005360  3d a8 20 0e 11 11 15 57  57 61 e8 60 54 05 9f 3a  |=. ....WWa.`T..:|
00005370  50 fc 67 9a b4 6f fe 0b  72 f3 a3 4b d3 a4 cb f0  |P.g..o..r..K....|
00005380  3e dd 7b bf ef 9e 73 f2  7d 5f 4e 4f d3 ef 6b 1d  |>.{...s.}_NO..k.|
00005390  82 4e d7 36 99 44 f7 7b  a6 c5 61 f3 1d 45 37 0d  |.N.6.D.{..a..E7.|
000053a0  83 e8 9c 9a 4c b9 61 59  da a3 db d4 e6 92 54 ad  |....L.aY......T.|
000053b0  82 9b 36 b7 30 3b 3d f1  8e 5f df da ba 7b c7 fd  |..6.0;=.._...{..|
000053c0  f6 7e 3a fa 3a 19 ff fc  fb eb 70 f6 e7 ad 7b 74  |.~:.:.....p...{t|
000053d0  ec be 1a ba a7 2f e7 f7  ee 9b 43 6f 70 36 fb 3d  |...../....Cop6.=|
000053e0  9a 9c bf 98 7e 7c ea 3e  7f e6 7e 3f 97 76 fb 4c  |....~|.>..~?.v.L|
000053f0  0f b0 0a 82 7a 13 5b dc  a2 ac 53 dc 44 21 d8 95  |....z.[...S.D!..|
00005400  a3 1b 3c 91 00 a0 5a 85  37 18 7a 83 a3 e9 68 34  |..<...Z.7.z...h4|
00005410  19 1f 4c c6 67 01 83 f7  e1 07 e4 35 d9 cf 79 a0  |..L.g......5..y.|
00005420  59 a0 50 51 f7 4f 0f f7  a8 41 50 a0 b8 0e 41 a1  |Y.PQ.O...AP...A.|
00005430  d8 f4 31 89 d0 c4 a2 bb  f0 b9 b7 69 0b 0d b4 e5  |..1........i....|
00005440  66 53 8e 87 fd 94 52 69  e1 ac 9b 8c 53 d6 27 f3  |fS....Ri....S.'.|
00005450  4b 67 be db d7 b8 be 37  07 4c 02 e9 9a 4d d0 96  |Kg.....7.L...M..|
00005460  d7 64 a8 0d 2c 44 c4 b2  08 ef 5b 2c 7c ac 28 b4  |.d..,D....[,|.(.|
00005470  54 6f 95 7d cd db 75 45  a1 ad 62 1a 54 b3 29 b0  |To.}..uE..b.T.).|
00005480  96 a0 92 8a 91 a3 10 0b  ef 2f 2f ca 65 74 51 78  |.........//.etQx|
00005490  a9 58 f1 e5 a4 de c6 d9  55 d5 2f 58 b2 92 f1 25  |.X......U./X...%|
000054a0  66 e2 e4 c0 1b 7e 09 a6  cb 7b 37 f0 3e 7d ce cc  |f....~...{7.>}..|
000054b0  be 00 af d4 43 f8 94 96  27 5f 8b 99 62 50 51 cb  |....C...'_..bPQ.|
000054c0  c4 8d b2 ba 50 41 51 c1  c6 ca cc 70 2a bb 68 a8  |....PAQ....p*.h.|
000054d0  a8 61 7d 3d e8 73 37 bf  20 01 ce 52 ba 9c 24 ed  |.a}=.s7. ..R..$.|
000054e0  56 2a 2b 85 38 2b a3 a2  58 0c d7 b0 21 74 d5 56  |V*+.8+..X...!t.V|
000054f0  35 21 42 a1 39 34 ad 1c  89 08 28 5b 58 76 24 f5  |5!B.94....([Xv$.|
00005500  0f ea 33 62 eb 5a 8f 14  62 bf 52 f1 2a d3 98 f2  |..3b.Z..b.R.*...|
00005510  45 cb 12 44 a5 68 a9 9e  e5 32 71 ba ff 50 e9 80  |E..D.h...2q..P..|
00005520  18 36 c9 68 43 12 b7 55  46 be 6f 77 96 9d e5 9e  |.6.hC..UF.ow....|
00005530  70 a8 42 31 c5 e1 a2 06  07 8f e2 9c 17 66 d5 2a  |p.B1.........f.*|
00005540  4a 8e 14 98 fb 82 82 98  bf 07 9b f0 4b 0c c2 d1  |J...........K...|
00005550  ee 53 63 87 58 50 c3 d0  cd e0 1c 6a 88 3c bd 96  |.Sc.XP.....j.<..|
00005560  cb d3 73 b9 f0 15 ac f3  1f e5 55 cc d2 30 10 85  |..s.......U..0..|
00005570  ff ca b5 4b 53 2a 8d 4b  c1 c1 3a e8 28 88 58 9c  |...KS*.K..:.(.X.|
00005580  25 69 2f 34 d8 dc 85 eb  75 70 10 1c 3a 88 50 e8  |%i/4....up..:.P.|
00005590  22 b8 b9 e9 66 9d 54 2c  f8 6b 9a d6 9f 21 77 2f  |"...f.T,.k...!w/|
000055a0  07 31 b9 7b d6 35 79 df  e5 e5 bd ef 7d df 3b dd  |.1.{.5y.....}.;.|
000055b0  5c 35 aa 56 07 29 16 2f  14 34 b8 ac 90 a3 4a 17  |\5.V.)./.4....J.|
000055c0  3c 43 83 cb fd 02 32 35  15 6a 07 69 4a d9 c0 13  |<C....25.j.iJ...|
000055d0  5a b7 ac 44 ce 71 be 1d  e6 e3 a8 d0 f1 b1 10 87  |Z..D.q..........|
000055e0  45 0e 58 84 c3 98 03 c6  70 98 70 c0 04 0e 93 0e  |E.X.....p.p.....|
000055f0  98 c4 61 75 3b ac 8e a3  26 56 6b 36 fd 02 c1 e8  |..au;...&Vk6....|
00005600  90 83 bf 49 85 93 cb 4d  32 f3 46 8d 97 1a 2c 31  |...I...M2.F...,1|
00005610  61 34 96 b9 fb b5 60 4e  31 9b 14 a4 d6 25 a2 b1  |a4....`N1....%..|
00005620  ab dc b7 60 b3 eb 87 45  36 7f 5a df ce b3 bb 47  |...`...E6.Z....G|
00005630  d8 00 71 0f 21 ad 2e e9  a0 21 2a 41 8f b2 3e 1f  |..q.!....!*A..>.|
00005640  d0 c1 0e 81 0d ad 4b e0  c1 d9 84 51 4f 34 51 7c  |......K....QO4Q||
00005650  79 32 f0 68 df 2f 8f 12  28 4e 3b 12 3c 39 97 d1  |y2.h./..(N;.<9..|
00005660  9e 49 a5 89 9f 13 23 d6  7a ed 9e cb b2 b4 da fb  |.I....#.z.......|
00005670  a7 47 f8 c2 ba db 15 b6  a3 7d 12 36 88 73 39 da  |.G.......}.6.s9.|
00005680  56 8c 4a d5 d0 15 37 1b  ec d6 16 60 0e 91 1c aa  |V.J...7....`....|
00005690  e9 69 0f 50 77 05 30 00  02 db d9 f7 fb 22 fb 9a  |.i.Pw.0......"..|
000056a0  6e 96 d3 d5 f2 0d 1c 22  f7 87 3e 4f 52 97 3f 38  |n......"..>OR.?8|
000056b0  d5 5f 81 ac 1b 7d 2d 1e  f7 82 88 9e 06 72 78 4c  |._...}-......rxL|
000056c0  af 8e 86 81 d0 1f d0 7f  54 b2 4f 45 3e a6 5e 3a  |........T.OE>.^:|
000056d0  ac c7 c4 e9 18 53 23 7d  98 f2 d8 b6 e4 fa 66 e4  |.....S#}......f.|
000056e0  95 c8 52 b8 76 58 93 34  71 4a 06 fe 91 ac 35 99  |..R.vX.4qJ....5.|
000056f0  d0 ee 04 55 0e 56 7f 21  b6 48 40 79 85 fb 7d 4e  |...U.V.!.H@y..}N|
00005700  ee f8 70 54 a1 d9 d5 68  eb a6 a0 60 8a 18 be 4f  |..pT...h...`...O|
00005710  e2 71 2f 4e d2 11 3d 09  12 9a 4b 0b f0 02 04 66  |.q/N..=...K....f|
00005720  f5 f1 b9 79 b9 c9 66 f7  d9 7c b6 79 7e 05 b2 14  |...y..f..|.y~...|
00005730  31 ba 09 9c 51 26 0b bc  39 e4 7c 94 37 18 65 8d  |1...Q&..9.|.7.e.|
00005740  c6 59 a9 f3 c3 8a d5 ec  b6 09 04 e1 7b 9e 62 aa  |.Y..........{.b.|
00005750  4a 05 54 bb 61 31 25 d4  8a 39 24 cd aa be d7 27  |J.T.a1%..9$....'|
00005760  2b 07 7e 16 d9 92 8b 53  76 89 36 aa 7b af fa 0a  |+.~....Sv.6.{...|
00005770  bd f4 29 7a ab f2 34 91  f2 18 d5 0e 0b 01 03 29  |..)z..4........)|
00005780  95 ea c3 47 b4 8c be 7c  33 c3 cc ec 6e cd 3a 5c  |...G...|3...n.:\|
00005790  60 3a 06 69 b8 e3 cf 1c  02 9b 44 03 27 c1 b5 01  |`:.i......D.'...|
000057a0  07 88 8c 6b 43 e1 17 c4  af 88 26 a2 85 f8 12 f1  |...kC.....&.....|
000057b0  50 9a be e8 1d 2a bd 82  a0 da 41 fc e3 66 4e e4  |P....*....A..fN.|
000057c0  05 53 29 52 85 b1 61 32  de 84 39 87 05 ac 23 c3  |.S)R..a2..9...#.|
000057d0  36 26 10 19 04 d1 41 9c  21 ba 88 6f 11 3d c4 33  |6&....A.!..o.=.3|
000057e0  44 1f f1 9d 31 e9 7c 89  91 11 e2 bb 08 31 46 4c  |D...1.|......1FL|
000057f0  10 19 62 6a 5c e3 37 52  96 db 07 26 89 07 8f f7  |..bj\.7R...&....|
00005800  bf 1f be ff 24 de e3 fd  8f 87 6f bf ca 73 7f f9  |....$.....o..s..|
00005810  55 34 ac cc 84 8b 39 d4  97 15 e7 17 77 82 05 13  |U4....9.....w...|
00005820  90 73 58 2d 33 41 3c ab  f3 52 67 26 e1 e2 4d 98  |.sX-3A<..Rg&..M.|
00005830  24 66 e5 f1 7a 99 09 cf  35 25 04 01 10 c7 82 57  |$f..z...5%.....W|
00005840  60 4b aa ab e5 39 5b 7f  bc a9 3b ce b4 6d a5 53  |`K...9[...;..m.S|
00005850  9d 70 51 f7 d7 7a 4e ea  3f 39 84 38 eb 61 9b 89  |.pQ..zN.?9.8.a..|
00005860  3d ac 3e d2 a9 0f d1 9d  50 eb 59 a2 09 38 88 0d  |=.>.....P.Y..8..|
00005870  6b ac aa 4a d0 fd b8 31  76 e7 a0 9e ea 3a 06 83  |k..J...1v....:..|
00005880  56 45 13 43 63 b5 36 ef  29 2c 8e 03 6b ba a5 e2  |VE.Cc.6.),..k...|
00005890  ea e2 e6 72 9f dd b2 5c  20 25 28 61 cb 4c cc 1c  |...r...\ %(a.L..|
000058a0  48 f7 39 44 5b 01 fb 1b  96 87 ea aa 89 d7 b4 05  |H.9D[...........|
000058b0  2c b4 55 35 d3 4f aa 9e  59 c0 f9 02 6c 79 46 9b  |,.U5.O..Y...lyF.|
000058c0  95 75 7a 0a 64 aa 7c 02  ce 3e 17 2c 8b 19 98 b6  |.uz.d.|..>.,....|
000058d0  2c 7f 4f 1d 2a 2a 52 cc  b4 62 f6 cd 42 37 6e 7d  |,.O.**R..b..B7n}|
000058e0  b4 6a 71 1f 93 3b c7 e4  84 94 f4 a0 9f 83 ff c5  |.jq..;..........|
000058f0  96 97 36 1c 14 75 10 80  67 59 c3 76 be b6 53 39  |..6..u..gY.v..S9|
00005900  9f 51 6b 50 1d a5 1d 79  b3 ae bc 52 57 2d 6f 84  |.QkP...y...RW-o.|
00005910  ce ab 27 9d c4 f9 bb d0  ca a3 23 bd dd 38 db 72  |..'.......#..8.r|
00005920  ac 67 c4 ee f1 cd ed f1  0d 9d e9 fa 36 c2 49 da  |.g..........6.I.|
00005930  70 d2 1f eb 64 d5 05 c6  78 f9 bf c2 d2 ca ef 32  |p...d...x......2|
00005940  bb 0d 77 db 04 6b 7b 02  05 67 90 b3 9b 5d 18 b3  |..w..k{..g...]..|
00005950  4f 2c 13 a0 ba 56 18 0b  96 83 b9 7a 4d 29 7d df  |O,...V.....zM)}.|
00005960  cd 84 2d af 68 df ea 45  ff aa 66 68 9f f4 55 f5  |..-.h..E..fh..U.|
00005970  d4 7b 1e dd 0a 70 11 67  e9 9f 41 1a 7d e0 72 24  |.{...p.g..A.}.r$|
00005980  25 15 56 8e 78 e6 41 5b  09 c5 c8 03 bc 41 60 5f  |%.V.x.A[.....A`_|
00005990  a0 14 25 a0 cc 57 0c 36  08 63 bc 09 66 7d 11 b8  |..%..W.6.c..f}..|
000059a0  12 32 40 76 19 b8 7b 03  1a 67 50 b0 55 28 d6 2b  |.2@v..{..gP.U(.+|
000059b0  c9 07 19 0c 75 1f dc 54  b0 3c c4 64 3b 54 83 91  |....u..T.<.d;T..|
000059c0  3b 47 c5 d1 06 b1 98 36  ea 80 4b 2c bd d2 92 34  |;G.....6..K,...4|
000059d0  8b e0 cc 2a 50 67 04 5b  b8 40 1c 66 08 0a 00 00  |...*Pg.[.@.f....|
000059e0  50 4b 03 04 14 00 00 08  08 00 05 5b ee 5a 27 51  |PK.........[.Z'Q|
000059f0  aa 9f d3 0f 00 00 43 44  00 00 0c 00 00 00 73 72  |......CD......sr|
00005a00  63 2f 74 79 70 65 73 2e  63 6a cc 54 4d 6f da 40  |c/types.cj.TMo.@|
00005a10  10 bd fb 57 4c 72 08 50  59 16 95 aa 1e ac 18 f5  |...WLr.PY.......|
00005a20  83 46 69 1b a0 6a b8 a1  1c d6 f6 40 36 ac d7 d6  |.Fi..j.....@6...|
00005a30  ec 1a da 02 ff bd 5a 7b  01 db b1 d5 56 55 a5 ee  |......Z{....VU..|
00005a40  05 31 33 7e fb f6 cd 9b  c9 58 b4 66 2b 84 d5 93  |.13~.....X.f+...|
00005a50  4a a5 e3 f0 24 4b 49 83  d2 b1 17 a5 42 60 a4 79  |J...$KI.....B`.y|
00005a60  2a bd dd 5b 22 f6 fd 8e  2b ed c2 2d 53 8f 13 96  |*..["...+..-S...|
00005a70  1d aa a5 31 12 df 70 b9  f2 5e d4 01 e4 06 49 7b  |...1..p..^....I{|
00005a80  5f 18 29 16 0a ac e6 34  4f d0 1b 33 8d 73 9e a0  |_.)....4O..3.s..|
00005a90  e3 64 79 28 78 04 1b 46  30 e6 45 f1 07 15 b1 0c  |.dy(x..F0.E.....|
00005aa0  6f e7 93 3b 1f de a5 a9  80 00 96 4c 28 6c 29 9d  |o..;.......L(l).|
00005ab0  a4 31 5f 72 24 d5 a8 74  de 8c 0d 2f 5c cc d3 7b  |.1_r$..t.../\..{|
00005ac0  4d 5c ae 5c 78 9f 26 19  23 83 ff 70 04 42 99 27  |M\.\x.&.#..p.B.'|
00005ad0  f0 99 cb 18 76 0e 00 c0  34 17 02 f6 70 63 20 60  |....v...4...pc `|
00005ae0  0f 73 ca cd cf 34 4f 42  24 d8 43 89 04 7b f8 74  |.s...4OB$.C..{.t|
00005af0  3f 9b 3a 87 13 f5 48 30  a5 e0 2b aa 5c 68 8b 64  |?.:...H0..+.\h.d|
00005b00  33 02 35 ac b9 8c fd e2  96 66 86 d8 d6 b7 a0 cd  |3.5......f......|
00005b10  94 d2 d4 95 92 79 e2 c3  8d 48 99 7e fd aa f9 19  |.....y...H.~....|
00005b20  97 31 7e f3 e1 a3 ec ca  a1 f2 e1 d4 d0 eb a2 6e  |.1~............n|
00005b30  54 80 70 c9 75 7f 60 d9  9b a3 1f b9 f2 0c 77 08  |T.p.u.`.......w.|
00005b40  0a f2 9e 11 a7 9e 25 b6  85 00 2e 2f eb 51 a5 a9  |......%..../.Q..|
00005b50  25 6a 94 0e 60 e8 0d eb  c5 05 61 93 68 09 a3 82  |%j..`.....a.h...|
00005b60  e0 19 d9 fe a0 a8 3c 9c  49 9f f5 ed a2 bf 3e 6a  |......<.I.....>j|
00005b70  ff df 32 77 a1 da d5 5f  b4 c1 b8 f1 6f 9f 23 f3  |..2w..._....o.#.|
00005b80  e4 1f 36 c2 ad 5a db ad  9a b9 fe 50 b7 66 58 fb  |..6..Z.....P.fX.|
00005b90  af cd a2 7f da 59 62 db  36 53 2a dd 10 ae 74 65  |.....Yb.6S*...te|
00005ba0  a7 18 05 9f 2e 67 5a b2  15 3b da 41 5c e6 32 2a  |.....gZ..;.A\.2*|
00005bb0  7d db 1f d8 69 bb 2e 97  c3 a8 f2 0c be 84 7e 65  |}...i.........~e|
00005bc0  c6 2a 43 56 7d ac 39 84  3a 27 59 07 b2 63 70 be  |.*CV}.9.:'Y..cp.|
00005bd0  fb 08 79 51 8e 95 b2 f7  ff 16 d6 4b 17 08 33 64  |..yQ.......K..3d|
00005be0  da 2f 54 69 83 2e d6 15  04 a5 6a cc 60 cf 68 c2  |./Ti......j.`.h.|
00005bf0  b2 7e d8 5b f4 dc 72 e7  9e 3f b3 84 c9 63 9e 4e  |.~.[..r..?...c.N|
00005c00  2d 91 0e 99 b8 9a 85 4f  18 69 a3 54 b1 c0 77 4d  |-......O.i.T..wM|
00005c10  94 e7 1a 99 ed 0b 57 57  a7 1d e4 29 fe 03 61 04  |......WW...)..a.|
00005c20  c3 6a 70 31 7c 30 a2 86  bd 5d af f3 ea 9f bc 57  |.jp1|0...].....W|
00005c30  4f 6f fa 30 0c bd f3 29  02 9a f4 2b 02 21 ce 3f  |Oo.0...)...+.!.?|
00005c40  01 d3 f6 01 76 d9 91 53  a8 3c 11 51 da a9 4d d9  |....v..S.<.Q..M.|
00005c50  18 e3 bb 4f ce 9f e2 b4  71 81 c3 d6 63 78 b6 63  |...O....q...cx.c|
00005c60  bf 17 db 34 1c fd 4e e4  35 1f d9 3e 86 7b 42 93  |...4..N.5..>.{B.|
00005c70  31 d1 15 9b aa 30 83 7b  dc d9 d1 f6 1d a9 ae 19  |1....0.{........|
00005c80  7e 4c 9c bd 7c c7 20 6e  0d 58 f8 27 7d 4d dc 43  |~L..|. n.X.'}M.C|
00005c90  27 6e 24 8e 11 24 e3 32  b9 4f 8b a7 1e 2d 16 4c  |'n$..$.2.O...-.L|
00005ca0  4e f0 a9 2a 5d dd 52 bb  21 79 a3 4d ed 1a fd 0d  |N..*].R.!y.M....|
00005cb0  fd 10 eb d2 a3 8b 0b df  6e 87 b8 c8 7c 2f 75 ba  |........n...|/u.|
00005cc0  25 ad a0 5d a0 54 56 60  e3 3a d3 e5 2a 78 1a b4  |%..].TV`.:..*x..|
00005cd0  a7 85 78 b7 b7 5c f0 a3  87 93 ef 7a e7 11 63 64  |..x..\.....z..cd|
00005ce0  84 41 4c 74 59 03 87 b5  7b 12 01 9b 3e 30 62 af  |.ALtY...{...>0b.|
00005cf0  93 65 14 9c d7 59 c6 61  cd 13 6f 25 4a 7b fa 99  |.e...Y.a..o%J{..|
00005d00  a9 f4 41 66 35 60 99 1f  9f f2 e3 9f 14 b9 5d 83  |..Af5`........].|
00005d10  b7 e6 f9 dc 40 88 67 a3  bf 0a c1 af f8 71 cd 78  |....@.g......q.x|
00005d20  3e 15 48 d7 b8 63 80 83  a1 9c 1d 52 df 11 db 1a  |>.H..c.....R....|
00005d30  f3 9f cb e1 b5 d8 43 52  ce 0a d5 f5 74 16 80 f9  |......CR....t...|
00005d40  86 0e d7 37 3a 94 31 87  03 e6 12 2f 45 0e 57 94  |...7:.1..../E.W.|
00005d50  d4 03 69 c9 18 cb 12 15  8f 99 d5 64 9e 1d d2 ff  |..i........d....|
00005d60  e2 f9 a8 61 2a 8c 94 d4  17 d8 e9 e0 07 b9 41 05  |...a*.........A.|
00005d70  9b be 70 84 e0 7f 28 3f  20 a9 54 f1 7f 8d 0a 36  |..p...(? .T....6|
00005d80  5c 3c 31 de c5 52 a4 25  48 0d d8 51 ac 53 d2 f0  |\<1..R.%H..Q.S..|
00005d90  10 96 16 75 ae 3b c6 3b  38 5e 37 2d fd f2 4c ae  |...u.;.;8^7-..L.|
00005da0  9c 8c 07 8d 23 a4 d0 12  38 6f b3 f7 b1 55 19 88  |....#...8o...U..|
00005db0  44 89 85 c9 ca f4 b7 18  c3 e8 02 01 6b d5 cc 5a  |D...........k..Z|
00005dc0  ec 8b c1 51 8f 36 8c 7e  3c 3a aa 47 35 99 44 cf  |...Q.6.~<:.G5.D.|
00005dd0  37 25 c8 5d 57 9b 51 dd  fb db ac c4 e6 9f 60 2f  |7%.]W.Q.......`/|
00005de0  f3 43 8d d5 b3 36 0c 03  d1 3d bf 42 78 49 4c 9c  |.C...6...=.BxIL.|
00005df0  d0 8e 85 a6 50 3a 75 ea  98 29 14 63 5c 2c 88 a5  |....P:u..).c\,..|
00005e00  d6 96 53 3a f8 bf 97 d3  47 ec b3 4e b6 0a 59 ba  |..S:....G..N..Y.|
00005e10  da e8 ee dd d7 bb 27 45  5b 9c 20 1a c4 97 9d 8c  |......'E[. .....|
00005e20  9b 64 f2 52 84 70 fe a7  8c 40 56 0c 49 b0 4b 31  |.d.R.p...@V.I.K1|
00005e30  9a 3e d4 82 73 b4 a4 5b  d4 8e 21 95 10 a0 28 76  |.>..s..[..!...(v|
00005e40  f0 e4 c8 b3 f8 19 eb e3  60 71 0c 3e 49 58 f0 45  |........`q.>IX.E|
00005e50  76 44 ad 97 d1 e6 1c 5d  68 ff 86 33 47 67 17 11  |vD.....]h..3Gg..|
00005e60  0e 59 8e 99 66 c0 ce db  63 c5 55 d9 7e e6 45 f9  |.Y..f...c.U.~.E.|
00005e70  d6 bc 48 a1 1a 79 76 f3  9d 92 f3 4f 34 63 21 85  |..H..yv....O4c!.|
00005e80  e2 a2 2b 03 53 e2 ca 8e  38 e2 e4 d3 46 4f 4e aa  |..+.S...8...FON.|
00005e90  3f a5 3d f2 63 b5 94 c3  4c 40 d6 ea c8 10 95 26  |?.=.c...L@.....&|
00005ea0  27 d8 11 98 8b 41 7a 98  ec 1e b9 aa 5e e1 92 b7  |'....Az.....^...|
00005eb0  69 bf ba bc ad ac dd fd  fe 94 66 8c b3 ed e8 05  |i.........f.....|
00005ec0  c3 df 6b d6 91 40 1e 2c  0b 5f 55 64 c6 94 3c 73  |..k..@.,._Ud..<s|
00005ed0  85 0c 27 49 06 cf 24 53  0f 19 f1 12 12 f4 aa 88  |..'I..$S........|
00005ee0  b8 60 23 4e e3 f2 bd 47  86 f5 41 38 d0 4a e8 66  |.`#N...G..A8.J.f|
00005ef0  1e 12 f0 40 92 3f 2c db  4d 93 7f eb 77 85 14 56  |...@.?,.M...w..V|
00005f00  ae 6c 55 33 ca 21 79 0a  17 d9 50 c5 14 ac 33 1a  |.lU3.!y...P...3.|
00005f10  59 dd f7 10 42 68 f0 6b  87 3f 41 87 df ad e1 6e  |Y...Bh.k.?A....n|
00005f20  ea 3e 3d c2 a7 87 75 ea  75 fd 2e b8 9f 98 55 19  |.>=...u.u.....U.|
00005f30  06 a3 e8 6a 13 b8 e8 ea  a5 c0 99 16 0d 58 6d c0  |...j.........Xm.|
00005f40  bd 80 0c 5e 74 f5 72 f0  b3 84 ea 72 1f 5a 54 f0  |...^t.r....r.ZT.|
00005f50  8f e4 08 77 b0 9f 63 0e  b6 3d 98 60 86 7b d7 8e  |...w..c..=.`.{..|
00005f60  dd af d0 91 18 b1 fb cb  99 d5 ac 44 0f 43 d1 57  |...........D.C.W|
00005f70  89 8b 0f 12 28 99 e1 5b  8a 75 21 28 08 ee 5c 8a  |....(..[.u!(..\.|
00005f80  48 b0 91 09 33 76 86 a6  ca b8 70 e7 4e f0 15 5c  |H...3v....p.N..\|
00005f90  fa 06 6e e6 75 1c 7c 0d  c9 4d 93 e6 b7 ad ee 3a  |..n.u.|..M.....:|
00005fa0  6d 72 7f 73 73 cf 3d a3  d6 68 6c f5 0f fd 4f 62  |mr.ss.=..hl...Ob|
00005fb0  20 23 4d 63 2d d0 99 03  c3 69 2c 3d d6 0e 5c 73  | #Mc-....i,=..\s|
00005fc0  0f 54 27 53 9c 79 cb 44  2d f1 92 3f a9 b1 8e 0c  |.T'S.y.D-..?....|
00005fd0  1d 06 a4 9b 97 a0 ac aa  cc 86 0e b4 d2 6e 0a 4a  |.............n.J|
00005fe0  17 42 1c 63 1b f9 14 82  09 23 ab 4c fd 93 a5 09  |.B.c.....#.L....|
00005ff0  43 7f 6d e0 04 c8 07 59  0d 41 5a ce b1 29 39 6a  |C.m....Y.AZ..)9j|
00006000  28 d3 41 1e 89 ed 60 f4  14 15 66 65 8c 0d 41 7e  |(.A...`...fe..A~|
00006010  05 b8 85 14 60 a7 be 3b  70 a9 8b a1 2c 81 75 4b  |....`..;p...,.uK|
00006020  01 f6 bb 75 83 b0 a8 b6  48 d4 68 4e 69 6e 19 82  |...u....H.hNin..|
00006030  73 c5 ae 44 b5 bd 46 a5  7d a4 92 b7 5d cf 70 94  |s..D..F.}...].p.|
00006040  c2 27 92 03 c4 f6 7d 93  99 d6 57 5c 4a dc ae 97  |.'....}...W\J...|
00006050  bc 3e ec 5a 63 01 f4 c5  25 af a5 68 c5 63 3f 7b  |.>.Zc...%..h.c?{|
00006060  05 04 9d cf 9d 1e 21 90  91 64 4f f2 f3 5f 2c e7  |......!..dO.._,.|
00006070  78 5c 8e 3f dd 3f 67 0c  32 64 ae ee 32 61 15 c3  |x\.?.?g.2d..2a..|
00006080  dd e3 7a 99 84 b6 3e c3  63 7d 0c d9 1e ff ac 74  |..z...>.c}.....t|
00006090  de 4a d0 7b c1 a5 3c af  a5 d1 82 8d ac a2 17 45  |.J.{..<........E|
000060a0  26 bb a2 7b 46 86 bc b3  54 ba b1 d2 a5 34 7a 0b  |&..{F...T....4z.|
000060b0  03 32 c7 ae 36 d3 72 4c  9c 6d 58 bb 90 d0 e0 0c  |.2..6.rL.mX.....|
000060c0  71 46 dc bf af f4 ab 24  a9 1e 56 c5 7c 88 08 77  |qF.....$..V.|..w|
000060d0  85 e1 79 8e 72 04 63 3c  10 6e b6 f4 3b c0 b7 b3  |..y.r.c<.n..;...|
000060e0  75 73 ca 6e 17 d8 4b 4d  dc 24 6e 0a d3 97 63 9c  |us.n..KM.$n...c.|
000060f0  03 ba 9c 5b 47 fd 86 38  24 2e 75 8f db f0 23 4e  |...[G..8$.u...#N|
00006100  bc 03 aa 85 1a b2 32 ba  3c 26 47 88 e4 73 0b 2a  |......2.<&G..s.*|
00006110  06 92 19 e6 32 62 43 15  bd a1 84 a0 b2 fb 76 f2  |....2bC.......v.|
00006120  20 56 15 6f 22 5e e4 7e  93 c9 05 9a cd d0 fe ed  | V.o"^.~........|
00006130  7d ff f1 fa bd 7b f9 da  7d 7a fb 04 72 1d ff e1  |}....{..}z..r...|
00006140  d4 0a 7a da 86 a1 f0 9d  5f e1 e6 b4 89 36 11 57  |..z....._....6.W|
00006150  04 5c 11 67 ce 1c 90 e0  90 03 20 01 da ad 12 a8  |.\.g...... .....|
00006160  21 2b 52 b2 64 d3 c2 da  a9 d3 d6 2d 6c dd 61 4d  |!+R.d......-l.aM|
00006170  91 22 6d 2c c9 bf e9 73  92 13 7f 61 b2 d3 04 87  |."m,...s...a....|
00006180  d8 09 6b 2f 95 5a fb f9  f9 f9 bd e7 ef 7b cf 65  |..k/.Z.......{.e|
00006190  ec a0 28 08 7f bb c0 9f  6f 69 7b 17 e1 81 07 f6  |..(.....oi{.....|
000061a0  77 3c ba c6 4e 5f 94 76  73 b0 cc 34 21 8a 82 09  |w<..N_.vs..4!...|
000061b0  01 77 2d 8a cd 1e 17 94  e5 3d f9 ec 7c ff f4 fc  |.w-......=..|...|
000061c0  8c 80 ce 17 f9 5c 51 97  46 92 88 52 e9 a7 61 1a  |.....\Q.F..R..a.|
000061d0  0c c0 bd 4b fc db 87 d0  00 e3 3e bd 32 d1 f6 09  |...K......>.2...|
000061e0  8a 3f 6a c9 d8 98 ff f9  cb bb 1f 88 15 2c 13 ec  |.?j..........,..|
000061f0  b7 e9 a5 09 6f f4 ac 65  9d 8f 2b 28 e1 16 27 32  |....o..e..+(..'2|
00006200  96 e4 82 9d 4e c5 8b 05  5c b0 34 ee d9 94 6d 5d  |....N...\.4...m]|
00006210  48 08 c8 56 47 13 f0 ee  93 bb 31 e8 57 0f a1 81  |H..VG.....1.W...|
00006220  2d 1b ac 1b 82 dd b8 08  a3 b4 7d 16 98 b7 08 08  |-.........}.....|
00006230  97 6a 41 b8 ca d9 27 12  42 2a 6a 4b b4 51 35 32  |.jA...'.B*jK.Q52|
00006240  ab 56 5e 10 a7 a7 8d bf  84 10 5a e9 fb 61 e2 79  |.V^.......Z..a.y|
00006250  5c e5 bb dc 5f 17 cf 09  c8 8d 7d f8 6a 97 a1 ab  |\..._.....}.j...|
00006260  b2 4c 28 dd 9a 80 15 a9  a8 b3 89 72 ef e5 0a a6  |.L(........r....|
00006270  91 46 33 11 71 54 ee 10  45 41 71 f0 23 0e 7e 81  |.F3.qT..EAq.#.~.|
00006280  ab c5 b6 0e d7 3f e7 d1  30 ed 4d a0 af 8b 75 3d  |.....?..0.M...u=|
00006290  3c da 57 8f 69 3b 63 19  8d f3 d9 62 bd d5 d5 55  |<.W.i;c....b...U|
000062a0  62 ce 64 d6 c3 8e 1f fb  5f 21 74 56 aa 0e 5a 54  |b.d....._!tV..ZT|
000062b0  03 04 4c 8e 84 df e5 6b  e8 cf 16 de 15 5e 80 eb  |..L....k.....^..|
000062c0  93 20 b4 bc a4 17 e1 81  d7 78 5c c5 e1 0a 57 6f  |. .......x\...Wo|
000062d0  33 b5 08 91 7d 61 34 c1  ce 2c 0e b4 cc bf 93 e9  |3...}a4..,......|
000062e0  38 9e 7e 98 47 66 1c 4d  05 6c f7 94 54 b5 77 0e  |8.~.Gf.M.l..T.w.|
000062f0  ca 6f 2b d8 4f a5 0a d3  ae f5 fb 4c 5a 0d a9 fb  |.o+.O......LZ...|
00006300  bf c0 a8 cd 40 ac 9a cd  f9 81 1d bd a8 ba d0 5c  |....@..........\|
00006310  f1 24 ae 34 0b dc 1b d0  df 81 f5 9b 6b 8f 27 22  |.$.4........k.'"|
00006320  da 54 44 e3 ae 99 19 e2  03 2c 69 58 c4 53 26 5b  |.TD......,iX.S&[|
00006330  7e 6c 0e be ac d5 8b fc  c7 af 52 73 0c b0 97 f9  |~l........Rs....|
00006340  54 37 fb 92 9e a5 d9 92  29 84 5d bd 94 4e e8 ed  |T7......).]..N..|
00006350  da 68 69 52 44 41 22 df  41 62 ae ca 8f 26 ae b4  |.hiRDA".Ab...&..|
00006360  ae e0 7e fc c7 a9 f5 b3  26 0c 44 f1 af f2 ea 62  |..~.....&.D....b|
00006370  42 4d 30 ab 60 29 fd 00  dd 3a 95 0e 01 33 04 a9  |BM0.`)...:...3..|
00006380  8a 49 47 c1 c1 c1 22 14  0a a5 14 07 a1 d0 ae 96  |.IG...".........|
00006390  4e 2d 4d f0 d3 34 51 27  bf 42 b9 bc 9c b9 bf 31  |N-M..4Q'.B.....1|
000063a0  76 12 bc cb dd e5 f2 ee  de ef cf 4b 17 93 24 fa  |v..........K..$.|
000063b0  d9 7c 7d 24 ab 09 97 e0  f1 1b 1d 82 8e b5 73 92  |.|}$..........s.|
000063c0  bf 31 45 47 2f 9b e5 5b  32 8e 4b 33 71 3a 8b d3  |.1EG/..[2.K3q:..|
000063d0  87 77 01 95 b0 b4 8c 9d  d8 02 c7 b4 ed 26 b4 c0  |.w...........&..|
000063e0  72 c4 73 99 7d 29 d2 17  da 30 70 87 81 87 0f 2a  |r.s.})...0p....*|
000063f0  d8 18 32 76 d2 6a 53 9f  bb 84 6d d4 78 3b 76 24  |..2v.jS...m.x;v$|
00006400  4d 9a cf e9 65 f5 79 06  8e 1b 28 a3 97 60 38 db  |M...e.y...(..`8.|
00006410  1d 0c bc 5e c7 a8 db 75  3e b4 d9 46 32 86 8e 86  |...^...u>..F2...|
00006420  64 fd 68 71 87 06 23 65  7d 8a 33 74 ed d8 f6 8d  |d.hq..#e}.3t....|
00006430  62 b8 e2 1a 06 25 d3 a0  98 dd 0f bd a1 1b f6 87  |b....%..........|
00006440  2d 30 28 23 c5 5f 13 ac  33 ca 46 af 7a 7e 28 90  |-0(#._..3.F.z~(.|
00006450  0e 2c bb d1 ed 31 ce 7e  90 6c 95 d5 49 d0 85 19  |.,...1.~.l..I...|
00006460  b2 63 d8 10 aa 76 60 8f  29 54 e1 78 bc 57 49 6b  |.c...v`.)T.x.WIk|
00006470  74 f6 c5 95 74 d4 c2 8b  54 9a 97 82 ea 6d 72 50  |t...t...T....mrP|
00006480  7b fd ba 4c 96 73 84 da  eb cf 28 59 cc 76 f1 14  |{..L.s....(Y.v..|
00006490  b3 6c 3a 7d c6 64 b7 8b  ef 8f 76 31 04 3f b2 aa  |.l:}.d....v1.?..|
000064a0  6d c1 bc a3 c4 a7 60 2f  03 06 5e 88 2f 73 e1 06  |m.....`/..^./s..|
000064b0  9e c1 70 7c 22 db cb d7  b7 c2 ae 28 ec f3 0a 2e  |..p|"......(....|
000064c0  a9 4a 43 e5 bd df 42 c8  35 88 6f 60 39 76 b3 d2  |.JC...B.5.o`9v..|
000064d0  32 b8 3e ec 6a f4 2e a9  10 51 20 5d 10 1a a1 8a  |2.>.j....Q ]....|
000064e0  04 89 58 cd 0a 79 f0 e0  45 d2 41 7d 87 6b e9 77  |..X..y..E.A}.k.w|
000064f0  15 7f fa 39 9c 61 e3 e8  f7 3b 42 86 b3 1d 47 9b  |...9.a...;B...G.|
00006500  d5 e3 3f 5c 2f fc f0 aa  40 21 c4 02 21 6d 16 97  |..?\/...@!..!m..|
00006510  eb f9 64 fb 24 e3 2d 76  fb 0e 10 08 9d 28 ae 15  |..d.$.-v.....(..|
00006520  c4 65 b0 9f 15 07 43 1b  7c 65 8b e1 e7 06 46 be  |.e....C.|e....F.|
00006530  b3 0d e8 77 4d 9a 25 f2  3b 92 ac 15 45 7e 47 5d  |...wM.%.;...E~G]|
00006540  29 72 42 9e 29 2b 10 91  9a 46 9a f3 52 cd 6c 09  |)rB.)+...F..R.l.|
00006550  4a 3c 27 ad aa 8a e7 20  13 be bd f0 f2 ee 36 d3  |J<'.... ......6.|
00006560  c0 89 06 75 0a d2 21 18  f1 d8 9b d0 82 3f d2 cd  |...u..!......?..|
00006570  af 55 6d 18 0c e3 f7 fd  14 f5 52 70 7a 2f ec 42  |.Um.......Rpz/.B|
00006580  fc 1c bb 90 59 36 e7 b4  c3 79 a1 17 c2 64 ba ba  |....Y6...y...d..|
00006590  21 43 86 ca 74 6c 8c 39  fc c3 39 05 0f 85 73 7a  |!C..tl.9..9...sz|
000065a0  0c 07 bf 4c 9b e8 b7 38  e4 5f 4d 9b b4 0a de bf  |...L...8._M.....|
000065b0  35 31 79 93 bc 79 9e 5f  1e 9c c3 de 42 9b 1d 9a  |51y..y._....B...|
000065c0  3d f9 3f 86 fe e0 cb 71  3e 46 b7 cb 70 42 e3 15  |=.?....q>F..pB..|
000065d0  5f ad 7c 38 d9 a2 45 b3  56 2b 15 ea e5 a2 f9 de  |_.|8..E.V+......|
000065e0  ac f3 81 4c cb bf be 5a  c0 3f 23 b1 1c d0 d9 01  |...L...Z.?#.....|
000065f0  2a cf 1c 9e 31 b2 51 86  a6 aa 50 6f f3 9f 57 31  |*...1.Q...Po..W1|
00006600  3d e4 c4 51 cf 92 72 99  46 3b 88 c0 00 da ff a8  |=..Q..r.F;......|
00006610  da 11 bb 15 5c 6f cd 46  9b a5 8b 89 5d c6 a2 cd  |....\o.F....]...|
00006620  ca 62 76 ea a5 fa de 4c  2e d5 e5 16 d6 0f cf 69  |.bv....L.......i|
00006630  58 bc 01 7e 14 51 35 ed  52 2d 5b 97 ed a8 b8 74  |X..~.Q5.R-[....t|
00006640  8c 69 20 31 b5 e5 bc d9  7e 46 e3 f5 61 6f 7b 60  |.i 1....~F..ao{`|
00006650  e1 cf d6 d2 10 a5 82 22  a0 6a b4 59 da 24 d4 73  |.......".j.Y.$.s|
00006660  49 7b 75 e8 2a 17 47 d3  bd 31 9a 44 34 14 04 3b  |I{u.*.G..1.D4..;|
00006670  09 7d c2 9b 35 46 8d 70  2c d7 b3 32 a4 c2 0b 8b  |.}..5F.p,..2....|
00006680  8f 8d ec 59 49 96 96 c2  81 3f 91 a4 4d ea c4 a5  |...YI....?..M...|
00006690  08 5c 88 57 d8 17 3c 25  43 cc 1f 57 ee 25 0d 62  |.\.W..<%C..W.%.b|
000066a0  72 28 32 22 41 e5 14 fd  0c 02 90 b1 2d 28 c4 f0  |r(2"A.......-(..|
000066b0  2b c6 8a 15 a1 ec c0 0e  0c 8c 8c 7e 1a b8 93 48  |+..........~...H|
000066c0  4f ac 58 d1 ff 17 93 3d  ad e8 01 b5 67 44 a0 fe  |O.X....=....gD..|
000066d0  ea 3e 70 61 9f 91 f9 ea  3e 74 34 8d 3e 80 89 01  |.>pa....>t4.>...|
000066e0  e4 84 47 3b a5 bc 8c b0  90 7f 22 c6 54 f2 11 46  |..G;......".T..F|
000066f0  26 1a 61 c6 12 c8 52 64  25 af a4 83 a2 71 9c fa  |&.a...Rd%....q..|
00006700  a3 2b 52 fd 14 e6 1c 7f  43 c6 2a 99 f0 21 21 97  |.+R.....C.*..!!.|
00006710  f1 46 34 f4 02 ba 89 04  12 c6 8a d3 c7 1d 4d cb  |.F4...........M.|
00006720  e5 58 92 c1 af 1b ff 6e  02 a7 8f d0 99 e8 2f 74  |.X.....n....../t|
00006730  0f 7c af 19 cd b7 66 f9  63 f6 f5 3b b4 02 fe b7  |.|....f.c..;....|
00006740  f5 c1 72 a0 fd 1f 7f e1  ed 7f c3 61 97 7e 47 2b  |..r........a.~G+|
00006750  72 f4 cb f5 fb 0e fd 1a  2b ac a3 a1 e7 7e 82 53  |r.......+....~.S|
00006760  cb 03 f7 9e 6b 53 9d f5  78 f3 d3 03 0b f4 b7 8b  |....kS..x.......|
00006770  40 0f 01 0b cd 7b d0 ed  c3 d9 d6 df 2d 35 a3 d5  |@....{......-5..|
00006780  34 ea 65 e5 c3 28 ba 6c  ae a4 a2 09 88 7d 01 7e  |4.e..(.l.....}.~|
00006790  1c 80 d0 ca 72 e7 99 79  73 69 41 18 86 e1 f8 57  |....r..ysiA....W|
000067a0  a9 27 dd c1 a1 47 41 d8  59 f0 e0 65 27 0f 32 c5  |.'...GA.Y..e'.2.|
000067b0  41 2f 13 36 9d 08 f3 bb  4b b2 b6 eb d6 f4 31 7c  |A/.6....K.....1||
000067c0  e0 75 c8 d2 e4 6f 93 ac  fd a5 7f 82 ef 62 01 bc  |.u...o.......b..|
000067d0  18 35 f3 dd a2 9b 30 a8  be 22 e8 10 32 8d 21 dd  |.5....0.."..2.!.|
000067e0  2f 2c 58 a4 2c 97 fa 9c  83 9b 1d b1 75 9e f4 69  |/,X.,.......u..i|
000067f0  72 9b 89 31 15 f3 38 ee  05 c8 07 a8 94 fa fa b9  |r..1..8.........|
00006800  85 eb 54 45 81 ad 5b 38  a6 69 58 89 df 1e ab a9  |..TE..[8.iX.....|
00006810  17 7a 08 11 41 46 94 76  8f 7e 6a 63 cd e9 77 e1  |.z..AF.v.~jc..w.|
00006820  a1 df 08 22 df 47 b4 33  79 90 18 08 e0 fb d8 7b  |...".G.3y......{|
00006830  59 d3 f5 54 87 9b ee 48  4f 8a 04 8d 21 b8 a8 6a  |Y..T...HO...!..j|
00006840  e5 80 11 14 f8 b8 8b af  e5 63 87 47 55 b2 c2 c1  |.........c.GU...|
00006850  68 50 75 e2 7c 7b b9 c3  f5 5e c4 92 c4 06 cf 77  |hPu.|{...^.....w|
00006860  83 0c ea a6 79 d2 9f 25  54 c6 0f 56 14 df 1a 10  |....y..%T..V....|
00006870  5e e0 f4 11 56 cc b1 23  03 83 80 2c cd 05 75 d1  |^...V..#...,..u.|
00006880  40 03 66 1c d0 71 c2 13  77 d2 82 54 81 98 7e 1d  |@.f..q..w..T..~.|
00006890  b1 f5 9c 55 59 7e de 14  a2 a7 00 3a cc 03 e4 d7  |...UY~.....:....|
000068a0  c6 0e 78 92 b9 71 60 86  72 81 ba bf 94 af 12 61  |..x..q`.r......a|
000068b0  09 b1 26 7e 8a 16 3a 37  dc 02 2f 8c 0e d6 f8 b7  |..&~..:7../.....|
000068c0  df 84 ba e9 d7 e5 4d ff  49 df 76 31 b3 3a fa a9  |......M.I.v1.:..|
000068d0  ce 63 ac 0a bd d3 4f 0b  9e 43 fb 0d 8a 8b 3e fc  |.c....O..C....>.|
000068e0  dd 1d fd a2 dd 8a 71 10  86 61 e0 57 bc 81 04 ca  |......q..a.W....|
000068f0  00 2b 0b e2 17 6c f1 04  03 08 f1 ff 01 f9 9c 2a  |.+...l.........*|
00006900  76 e3 26 45 82 b5 26 09  96 93 eb c5 bd 8b 40 a6  |v.&E..&.......@.|
00006910  41 b8 b2 d6 d2 e1 4e bd  e3 ed 64 31 a1 17 08 98  |A.....N...d1....|
00006920  66 d1 6e 71 b7 8b a1 5e  72 9f cc f5 d4 b8 29 a7  |f.nq...^r.....).|
00006930  48 7a 39 30 36 df 9f 40  20 0d 3d 9b cb 88 72 b5  |Hz906..@ .=...r.|
00006940  f2 b2 b9 18 1a 85 96 bb  c7 3d ee cf ad 0a d2 f6  |.........=......|
00006950  c4 ca 20 2c 36 81 f2 5c  6e 59 68 43 b6 36 10 09  |.. ,6..\nYhC.6..|
00006960  70 09 b0 0d 08 6f d0 11  50 d6 9e a1 ac d5 07 d0  |p....o..P.......|
00006970  d5 5e 37 91 e0 8a e7 23  b8 37 c2 af 73 d2 1f 0f  |.^7....#.7..s...|
00006980  20 35 6c 1b c7 a8 5a fe  fe aa 69 db 57 22 ad ef  | 5l...Z...i.W"..|
00006990  4a d4 1c 76 74 3c fc 2b  11 cc fd c3 6c ea 3e af  |J..vt<.+....l.>.|
000069a0  dd f2 ef ea d7 d4 0e f9  f7 74 76 ef a1 63 c1 15  |.........tv..c..|
000069b0  6d 34 df 67 98 b1 46 60  a3 10 51 a9 0d db 62 46  |m4.g..F`..Q...bF|
000069c0  cc d4 80 94 41 70 c7 09  ce dd 8a b5 18 a5 0c 52  |....Ap.........R|
000069d0  e9 01 c9 c8 a0 40 85 2c  bc a8 e5 02 00 50 4b 03  |.....@.,.....PK.|
000069e0  04 14 00 00 08 08 00 05  5b ee 5a 34 2c 3b 46 a6  |........[.Z4,;F.|
000069f0  09 00 00 27 25 00 00 0f  00 00 00 73 72 63 2f 67  |...'%......src/g|
00006a00  65 74 5f 74 65 73 74 2e  63 6a 94 54 df 4b 1b 41  |et_test.cj.T.K.A|
00006a10  10 7e cf 5f b1 ec 8b 5a  ce cb 25 31 2d 09 08 fe  |.~._...Z..%1-...|
00006a20  28 15 2c b5 a2 3e b5 88  6c ee c6 73 93 bd bd b0  |(.,..>..l..s....|
00006a30  3b 27 15 f1 45 fa 56 6c  5f 6a 85 d2 d2 97 52 fa  |;'..E.Vl_j....R.|
00006a40  a0 56 0a d2 1f 7f 4f 93  f8 67 94 dd d3 e4 e2 a5  |.V....O..g......|
00006a50  c1 06 39 6f 67 be 99 f9  66 67 ee 6b 33 bf c5 42  |..9og...fg.k3..B|
00006a60  20 61 53 c7 b2 50 e0 51  3b 56 48 34 06 6e 22 39  | aS..P.Q;VH4.n"9|
00006a70  22 68 74 ef 8d b4 1a 57  c4 7c 15 bb f7 0a 85 b9  |"ht....W.|......|
00006a80  0d d0 58 f0 05 d3 9a 2c  01 9a 13 d9 2f 10 42 88  |..X....,..../.B.|
00006a90  7d 14 8b a4 7b f9 ea ea  db 71 ef ed d7 de fb 97  |}...{....q......|
00006aa0  9d cf 47 dd 8f 87 cb eb  4f 57 ba c7 17 dd a3 73  |..G.....OW.....s|
00006ab0  8b 11 80 c4 8f a3 b6 80  17 cb 3a 96 64 96 4c 4c  |..........:.d.LL|
00006ac0  4c 58 4f 9a c8 fc a8 64  11 d0 3a a1 f3 82 fb 40  |LXO....d..:....@|
00006ad0  9d 81 83 85 c6 5e f1 b2  26 1f f9 ae b1 a2 4a 20  |.....^..&.....J |
00006ae0  63 d7 7e ac 8c b9 56 75  ab 59 73 8b 0b a1 69 9d  |c.~...Vu.Ys...i.|
00006af0  3c a7 4b 31 75 08 5d 4b  34 9a ff 8b 4c 86 4d 0e  |<.K1u.]K4...L.M.|
00006b00  e6 75 75 0f 77 62 49 37  b3 55 82 40 81 36 71 03  |.uu.wbI7.U.@.6q.|
00006b10  9a 69 3e 54 00 68 c8 96  ca 15 f2 84 71 49 d6 31  |.i>T.h......qI.1|
00006b20  43 d9 82 7c 8e 7b 06 b2  00 bc c9 65 98 73 c7 89  |C..|.{.....e.s..|
00006b30  44 65 11 8b 3b 5c b2 bc  3f 56 01 97 0c 21 4f c0  |De..;\..?V...!O.|
00006b40  26 10 cc 30 a8 d4 dc 9a  37 53 1e 0e 4e fd 32 a4  |&..0....7S..N.2.|
00006b50  75 52 2a dd 77 67 bc 07  33 43 fe 83 fe e9 20 d3  |uR*.wg..3C.... .|
00006b60  6e 5b c5 4d f0 d1 de d3  10 7c 3f 9f fc 66 58 ab  |n[.M.....|?..fX.|
00006b70  69 0c 99 a7 23 18 68 64  98 98 74 34 1d 3e 42 30  |i...#.hd..t4.>B0|
00006b80  0a 86 c0 22 3b 9b eb c9  13 ba 10 37 b2 83 e8 33  |...";......7...3|
00006b90  6c 24 41 68 ef bd ea 79  9e 37 dc 92 f3 bf 94 17  |l$Ah...y.7......|
00006ba0  a8 43 c6 71 e6 72 ab ad  e2 d0 6e c0 9d 58 2f ee  |.C.q.r....n..X/.|
00006bb0  30 25 d2 65 7a c8 76 79  30 be 85 07 d5 5c 0b fd  |0%.ez.vy0....\..|
00006bc0  53 76 09 23 40 16 30 64  f9 2d f4 15 30 73 a5 75  |Sv.#@.0d.-..0s.u|
00006bd0  42 cb 5e b9 32 ed 95 a6  bd d2 86 e7 d5 ed df b3  |B.^.2...........|
00006be0  db 0b 95 b4 83 21 78 a9  3c 5d 29 6d 94 2b f5 6a  |.....!x.<])m.+.j|
00006bf0  ad 5e ad e5 e0 c8 c2 f4  8b d1 20 79 ac 4c 57 0d  |.^........ y.LW.|
00006c00  e6 b7 40 06 e6 75 3b 11  42 23 f3 5b 74 73 e4 2e  |..@..u;.B#.[ts..|
00006c10  c9 44 08 d6 10 b0 b5 cd  41 98 9a c6 50 18 74 79  |.D......A...P.ty|
00006c20  f3 fd db 47 5f 42 3a 9f  7e 77 3f 9c 76 ce 4e ba  |...G_B:.~w?.v.N.|
00006c30  e7 97 57 af 7f 74 de bc  b3 7e ab 40 8b 4c 83 3d  |..W..t...~.@.L.=|
00006c40  6d 27 d2 27 46 a1 96 00  17 98 e6 fe 23 53 42 4f  |m'.'F.......#SBO|
00006c50  4e 65 f6 b4 58 24 9d b3  93 de e9 97 3f 3f bf a7  |Ne..X$......??..|
00006c60  e9 fa 2e a3 45 66 7b d7  40 27 02 c9 2c 09 01 27  |....Ef{.@'..,..'|
00006c70  33 e2 e4 5c 2b d1 54 3f  62 6e 5e 6b 50 38 39 88  |3..\+.T?bn^kP89.|
00006c80  72 5b 5c 06 0e 79 cc 65  e0 ae a3 e2 32 1c 8b d6  |r[\..y.e....2...|
00006c90  a8 9c 1b 5d 1b 00 b3 64  bb c7 17 9d b3 93 11 4c  |...]...d.......L|
00006ca0  59 38 8e a8 51 c6 7c e5  7e 4c 96 e6 4a 12 35 40  |Y8..Q.|.~L..J.5@|
00006cb0  8d 03 cb 24 72 48 c5 73  bd 7f 50 bc 3c ef 1d fe  |...$rH.s..P.<...|
00006cc0  4a 89 de be 4f 2b bb 63  78 a6 b2 9c 2f 9e 89 bb  |J...O+.cx.../...|
00006cd0  0b d7 2c dc b2 35 32 3f  9a ed 5f c6 cb 5f a7 61  |..,..52?.._.._.a|
00006ce0  18 08 e3 0f c3 42 25 64  25 0a 2f 50 31 b0 b5 12  |.....B%d%./P1...|
00006cf0  e2 05 d2 10 b2 98 44 ea  9f 81 95 16 b1 74 a4 ea  |......D......t..|
00006d00  c0 04 12 6c 94 56 2a 50  5a a4 be 0c a6 ed 5b 20  |...l.V*PZ.....[ |
00006d10  df 39 c1 51 ce ae d7 d4  3e fd 7a fe 3e df 67 b1  |.9.Q....>.z.>.g.|
00006d20  e8 8b e9 3d d5 50 98 1c  b6 9e e2 68 21 3a a5 ed  |...=.P.....h!:..|
00006d30  d4 69 cf db bd 78 cf ea  56 96 f1 c3 da 11 4c 2b  |.i...x..V.....L+|
00006d40  9a 57 da 83 12 6a 8f 73  9b 50 cb 2e 23 44 58 ec  |.W...j.s.P..#DX.|
00006d50  2f f7 97 f3 9a 66 c6 b2  09 7f 47 d3 cd 6a b0 9d  |/....f....G..j..|
00006d60  ac 77 e3 c9 1e fb d5 db  ed f0 ba 1e 45 71 a7 62  |.w..........Eq.b|
00006d70  3f ac b2 99 3f 89 ef 91  56 ab 50 8c 9c c8 1e e9  |?...?...V.P.....|
00006d80  3e 1c d6 cc a3 f4 02 bb  5c dc 87 f5 19 3a ef 34  |>.......\....:.4|
00006d90  a3 6c 57 60 f8 36 0c df  84 e1 3b 63 f8 0a 03 42  |.lW`.6....;c...B|
00006da0  87 0d 24 b0 81 04 26 90  c0 19 24 50 20 2a ea 18  |..$...&...$P *..|
00006db0  af a2 cd 6a b0 1b ad c5  f2 a5 7a 64 9d 13 19 5b  |...j......zd...[|
00006dc0  6c 9c 07 26 4e dc ea e4  73 50 00 2e 07 9f 1f 9b  |l..&N...sP......|
00006dd0  2e a5 ed c7 ad b8 5b 2a  95 0d fb e2 61 5e 42 ce  |......[*....a^B.|
00006de0  7a dd e6 e5 59 98 26 b1  f5 88 29 a9 fd 6f 75 77  |z...Y.&...)..ouw|
00006df0  8e 78 1f 8a e7 b1 78 fb  da ce 1e 9d fc d3 88 3b  |.x....x........;|
00006e00  dd f8 a2 d9 82 d8 55 19  60 5a 35 e2 6a 90 f1 92  |......U.`Z5.j...|
00006e10  fc 57 2a b5 32 c8 9f d5  b3 90 9f 5d 14 03 eb 50  |.W*.2......]...P|
00006e20  2f 79 82 35 69 17 d2 b0  95 45 05 66 42 19 f0 83  |/y.5i....E.fB...|
00006e30  93 82 71 25 12 e9 b1 db  20 e3 cf 99 98 dd 60 0f  |..q%.... .....`.|
00006e40  4b 9a e0 a1 1d 35 ca 8a  dc cd 64 c4 ae 32 f3 d0  |K....5....d..2..|
00006e50  49 c5 72 19 ce 54 8c e8  86 ee f1 34 71 e7 29 1d  |I.r..T.....4q.).|
00006e60  42 9e 4b 78 9a 38 f1 a4  09 f2 e4 4f 82 7d 23 e0  |B.Kx.8.....O.}#.|
00006e70  67 f1 2a 1f 74 ee 72 86  71 60 50 33 ce 03 bd 24  |g.*.t.r.q`P3...$|
00006e80  a1 69 f5 02 f1 1a e1 15  ed d8 fc 89 c2 3c 66 08  |.i...........<f.|
00006e90  69 7a 89 3f 4a ac a6 a5  61 20 88 fe 95 52 2f 7a  |iz.?J...a ...R/z|
00006ea0  09 8d bf a0 08 1e 3c 28  82 1e bd 04 bb da 85 ba  |......<(........|
00006eb0  91 64 a9 f5 26 18 3d 08  c1 83 08 22 b5 e0 41 f1  |.d..&.=...."..A.|
00006ec0  50 ab 17 b5 20 ea 9f c9  36 cd bf 90 fd 48 93 6d  |P... ...6....H.m|
00006ed0  37 bb c9 39 33 c3 ec 9b  b7 3b ef a5 0c ad a4 78  |7..93....;.....x|
00006ee0  f1 3c ce 3c 4d c1 c8 44  8e bd c6 ec 88 be 51 db  |.<.<M..D......Q.|
00006ef0  12 a6 65 71 6e 72 99 32  23 9c cb 60 d3 64 3e a2  |..eqnr.2#..`.d>.|
00006f00  50 b4 a5 a8 73 c8 e3 fb  80 cf 41 83 fd 2e 70 8e  |P...s.....A...p.|
00006f10  1a 26 f0 a9 65 53 6e e8  14 4e 56 a5 0a fe 3c c1  |.&..eSn..NV...<.|
00006f20  a0 94 e9 fd 4d 31 a0 09  c5 cb 68 46 14 db 62 bd  |....M1....hF..b.|
00006f30  2e 69 f0 9f 55 aa 32 82  2c 89 df f1 74 02 2a 45  |.i..U.2.,...t.*E|
00006f40  15 fd 8d 92 a7 f7 78 f8  6c 90 53 9b 6e 0b 1e 40  |......x.l.S.n..@|
00006f50  e0 2d ac 82 e6 b1 07 30  3e ad c9 85 d2 17 8d 7f  |.-.....0>.......|
00006f60  d4 c8 44 91 ae 84 20 4b  cd 9f 9e fe bf 31 44 7b  |..D... K.....1D{|
00006f70  ce 89 b5 ef 22 ec 40 e4  2f d7 f7 50 7d 45 a7 27  |....".@./..P}E.'|
00006f80  c8 75 38 fd 19 aa fb f7  40 17 78 3e d8 61 5b 5f  |.u8.....@.x>.a[_|
00006f90  b3 a8 9b 22 50 71 0e a9  84 f9 20 72 b8 7c 92 54  |..."Pq.... r.|.T|
00006fa0  1c 99 d5 51 d1 34 38 f3  cc dc 6c 76 00 3a c4 ed  |...Q.48...lv.:..|
00006fb0  62 66 fa 55 59 99 d7 4c  ab 3a 46 4e bf de c8 6f  |bf.UY..L.:FN...o|
00006fc0  10 8d 43 f2 7a 47 fa f4  bf dd e4 fc 82 5c 7e 18  |..C.zG.......\~.|
00006fd0  08 ba e5 a2 f5 1e f4 31  40 78 db c1 ed 05 9e e6  |.......1@x......|
00006fe0  0b 26 8f 9f 74 01 2b 3c  4d 56 44 ed be 5d 04 c4  |.&..t.+<MVD..]..|
00006ff0  77 95 a3 c9 b2 d5 c2 ac  36 67 ad f3 3d 09 49 a5  |w.......6g..=.I.|
00007000  ed 89 6b 32 ed 4a 46 65  3b e4 b5 aa f7 99 37 4f  |..k2.JFe;.....7O|
00007010  d2 55 47 d9 e9 37 50 0b  f4 f4 b2 b6 a1 c7 8f 55  |.UG..7P........U|
00007020  28 d7 1c e9 bf 24 0f 03  be 44 a2 f1 15 17 b7 0a  |(....$...D......|
00007030  1c 21 ea 3a 1d d8 a2 e4  28 fc b3 62 89 20 45 73  |.!.:....(..b. Es|
00007040  b9 f4 f2 aa 3b 1e 9d 91  f0 96 be 58 f1 f7 cd 64  |....;......X...d|
00007050  10 18 38 fc cf 98 d5 ac  34 0c 04 e1 57 09 7b f1  |..8.....4...W.{.|
00007060  92 16 5a 3d 79 f7 09 04  2f a5 94 98 ac 34 b4 36  |..Z=y.../....4.6|
00007070  a5 69 15 29 01 af 8a 82  78 f6 01 f4 a0 67 15 1f  |.i.)....x....g..|
00007080  c7 da d7 90 99 c9 fe 34  c9 34 73 cc ee cc ec 97  |.......4.4s.....|
00007090  9d d9 dd 6f bf 3d 4d 41  ea 01 a5 67 a7 7a f1 36  |...o.=MA...g.z.6|
000070a0  68 bb 40 a1 5e ab 89 46  79 f6 2a 9a ae 50 d5 9b  |h.@.^..Fy.*..P..|
000070b0  a1 86 a2 8e 83 a3 7e 71  d0 4c 0d 26 da 90 72 17  |......~q.L.&..r.|
000070c0  2c 0c 30 52 fd 77 27 5a  c4 c4 c1 8c 0e 46 42 c2  |,.0R.w'Z.....FB.|
000070d0  b0 12 42 d7 34 7a 89 bb  49 1e 80 0e c9 b1 47 21  |..B.4z..I.....G!|
000070e0  ca db d8 de ad 85 6a 17  d2 21 11 0f 1a f3 10 01  |......j..!......|
000070f0  8f 34 69 18 ac 2b 2f 03  45 18 b8 26 50 8a 77 1a  |.4i..+/.E..&P.w.|
00007100  8c 08 5b 0c 99 0c 5d a4  8b dc 6c 3c 76 a0 30 50  |..[...]...l<v.0P|
00007110  2c a3 44 07 49 9e c8 50  40 61 72 1d 67 b3 a4 01  |,.D.I..P@ar.g...|
00007120  43 8f c3 40 1e a2 6b 12  59 96 17 b7 ec 9c ab 96  |C..@..k.Y.......|
00007130  d8 3b 9e fc 69 68 22 4a  b1 f4 18 8a 85 84 68 7b  |.;..ih"J......h{|
00007140  f7 f5 f7 71 4f 0a ed e6  e5 95 36 92 cd d3 e3 ef  |...qO.....6.....|
00007150  e7 7b db ea 9d eb 38 8d  a6 90 e5 28 5e 56 a9 12  |.{....8....(^V..|
00007160  2e 62 b2 70 ab 18 b5 b1  ce 75 ba 1c 77 92 28 1f  |.b.p.....u..w.(.|
00007170  db 15 dd 43 1d 1b 3a 47  d0 39 5a cd 12 bd 30 0f  |...C..:G.9Z...0.|
00007180  48 64 d2 b7 26 5d 30 e9  26 19 be 8e 50 e7 a1 e2  |Hd..&]0.&...P...|
00007190  36 01 18 06 45 69 b3 18  1d 24 13 cf c3 53 5f 96  |6...Ei...$...S_.|
000071a0  d6 5f 92 70 67 ec ed 11  3d 2e ed ee 27 5b 00 d6  |._.pg...=...'[..|
000071b0  e6 a4 0e b3 12 4b 02 b6  ea e2 41 ee 2b 9e 40 6f  |.....K....A.+.@o|
000071c0  df be 9d 9c ff fc 00 9f  b7 3f 2d 95 72 72 39 5f  |.........?-.rr9_|
000071d0  de 9c 41 e4 7a 8d 68 e8  73 15 82 9f a3 1c 85 7c  |..A.z.h.s......||
000071e0  48 2f 64 9d da 70 65 c0  2b c8 d0 36 65 78 bf 85  |H/d..pe.+..6ex..|
000071f0  d7 98 82 cb 3f 1a d2 bb  40 59 01 76 40 1b a6 1c  |....?...@Y.v@...|
00007200  ad 3e ab 9e b3 64 46 7d  73 9a 4d 2e f5 68 89 57  |.>...dF}s.M..h.W|
00007210  74 16 14 fd 2e 83 09 5d  db b9 b5 1b 06 88 75 18  |t......]......u.|
00007220  a8 c1 70 2f 22 d2 0b 58  48 e5 74 33 98 c8 59 08  |..p/"..XH.t3..Y.|
00007230  ea 5f 50 c5 10 57 55 d7  e2 18 38 7a be 72 17 a4  |._P..WU...8z.r..|
00007240  0a c3 32 04 8a f0 9b 4f  6a 1e fe 50 c4 da e3 44  |..2....Oj..P...D|
00007250  d1 4f 4c b5 8b aa 01 5c  fb 1a e0 ab 7c 9f 2e 99  |.OL....\....|...|
00007260  05 1f f5 7a 3a a9 07 32  19 0f 69 ec 13 c8 2e ce  |...z:..2..i.....|
00007270  90 19 30 cc 66 3d b8 d9  09 6e c7 a2 4d dd 2b 60  |..0.f=...n..M.+`|
00007280  cc 0c 2b e5 a4 96 a5 e6  18 e2 98 ae 06 c9 19 61  |..+............a|
00007290  95 43 e8 35 c6 29 8f 50  63 82 57 0d 58 1d a4 9d  |.C.5.).Pc.W.X...|
000072a0  64 a5 a0 94 92 9a 5a 10  0f 6d bf 61 4c e1 a2 38  |d.....Z..m.aL..8|
000072b0  1d 9e d3 0d 75 14 8c 74  14 8c c1 6d 0a b0 b7 41  |....u..t...m...A|
000072c0  e6 64 96 a4 e6 2a d5 c6  e2 34 a2 16 ab 0c a6 28  |.d...*...4.....(|
000072d0  aa 08 d2 34 3c 9c 85 1c  ba 28 f5 1a c8 2b e0 e2  |...4<....(...+..|
000072e0  0c 9a ee 10 71 a2 03 0b  78 3d 30 65 04 a1 8c 21  |....q...x=0e...!|
000072f0  94 89 1e 7a a3 11 36 6c  08 37 90 a8 5a 06 ae 18  |...z..6l.7..Z...|
00007300  52 c8 20 05 ac 26 6e f7  82 53 ae 67 49 6a 2e a9  |R. ..&n..S.gIj..|
00007310  6e 06 c7 86 9e b1 1e 34  06 b0 3b 1e 6e 3a b1 1e  |n......4..;.n:..|
00007320  40 68 80 78 02 1c ab b8  6b 1d c8 0c f4 b3 a9 5b  |@h.x....k......[|
00007330  9e ec 58 05 e9 fa 3c eb  98 06 29 1b 08 64 a6 f0  |..X...<...)..d..|
00007340  8c fc 9c d4 e0 92 a2 d2  e4 92 d2 22 2c f5 4f 16  |...........",.O.|
00007350  bc ea 29 2d 06 77 28 d0  db b8 3a 88 55 2f b5 50  |..)-.w(...:.U/.P|
00007360  87 16 23 25 ce 58 5c 35  0f c8 38 ff a4 2c 68 70  |..#%.X\5..8..,hp|
00007370  67 41 12 07 d8 0e 2c d5  37 44 2d 60 84 0b 4f a8  |gA....,.7D-`..O.|
00007380  a1 68 e3 24 d0 e9 6c dc  e6 a2 2a 37 36 c0 3a a4  |.h.$..l...*76.:.|
00007390  02 4a d9 60 df 21 57 4c  50 77 43 7c 8d a5 97 08  |.J.`.!WLPwC|....|
000073a0  57 4f d8 ed 08 b3 61 b5  11 2c 08 e1 11 5f 0b 00  |WO....a..,..._..|
000073b0  50 4b 03 04 14 00 00 08  08 00 05 5b ee 5a fe 86  |PK.........[.Z..|
000073c0  71 10 4d 05 00 00 d2 0f  00 00 16 00 00 00 73 72  |q.M...........sr|
000073d0  63 2f 70 61 74 68 5f 70  72 6f 63 65 73 73 69 6e  |c/path_processin|
000073e0  67 2e 63 6a 8c 54 5b 6f  12 41 14 7e e7 57 1c 35  |g.cj.T[o.A.~.W.5|
000073f0  71 21 c5 6d f1 b1 11 63  d4 68 62 e2 25 f1 11 79  |q!.m...c.hb.%..y|
00007400  58 d6 01 c6 ae bb b8 33  78 03 92 92 14 5a 22 2a  |X......3x....Z"*|
00007410  49 15 8d b7 c6 d4 56 12  7b 8b 35 56 5b 5a 7f 4c  |I.....V.{.5V[Z.L|
00007420  99 5d 7c ea 5f 30 33 c3  d2 85 a5 ea 26 0b 3b 67  |.]|._03.....&.;g|
00007430  e6 7c e7 3b e7 7c 67 72  9a 3e a5 65 10 64 ee 10  |.|.;.|gr.>.e.d..|
00007440  cb 0c 85 c6 c7 a1 bb b5  ce f6 66 d8 a7 19 b7 51  |..........f....Q|
00007450  65 5b 4b ac b2 e5 b4 3e  b2 f7 af f8 1e 5b d8 ee  |e[K....>.....[..|
00007460  6c 3f bb 6c b9 b5 39 e7  dd 4a a7 fd 9a d5 9b 7c  |l?.l..9..J.....||
00007470  b7 fd fc a0 5d 67 1b 55  bf af fb f6 07 ab 6c ba  |....]g.U......l.|
00007480  6f 66 24 08 9b dd 75 5e  6e 74 76 9e e5 29 36 88  |of$...u^ntv..)6.|
00007490  aa df 61 73 55 77 79 a7  3b bb e9 ac 7e 72 9a b3  |..asUwy.;...~r..|
000074a0  9d 9d ef 22 7a b9 de fd  b6 78 d0 7e 23 41 ae dc  |..."z....x.~#A..|
000074b0  bc 7e 4d 82 76 3f 2f 3a  1f 1a fb d3 65 77 ed e3  |.~M.v?/:....ew..|
000074c0  ef f2 bc bb b2 cc e6 aa  ac f6 75 7f ba cc 56 5f  |..........u...V_|
000074d0  f1 e5 5a 8d 55 5a ce e2  b4 b3 b0 e4 ae d6 a4 97  |..Z.UZ..........|
000074e0  24 e1 cc 3f ed ec be 13  d9 61 72 d1 a2 37 70 0e  |$..?.....ar..7p.|
000074f0  d9 17 b2 9a 0d 7a 16 e9  53 04 70 1a 68 16 81 89  |.....z..S.p.h...|
00007500  1e 52 d0 b9 1d 13 50 ce  29 51 50 12 4a 14 2c 1b  |.R....P.)QP.J.,.|
00007510  94 82 12 4a e7 4d 7d c8  3f 4c 26 e1 26 b5 b1 99  |...J.M}.?L&.&...|
00007520  89 4c c2 79 cb 32 a0 10  02 00 8e 17 be 88 89 96  |.L.y.2..........|
00007530  32 d0 55 eb 36 4e 63 64  93 48 6f 8f 3f 36 a2 79  |2.U.6Ncd.Ho.?6.y|
00007540  db 84 b4 66 10 24 8c 25  f1 6b 20 0a 3a c4 81 24  |...f.$.%.k .:..$|
00007550  26 92 7d 1c 1d e2 71 48  29 e7 14 3f c0 7d ce 11  |&.}...qH)..?.}..|
00007560  e2 10 eb 5b 1e 64 b1 81  20 8c e1 0c 10 95 e0 c7  |...[.d.. .......|
00007570  c8 7f dc c3 22 09 9c 94  70 aa 02 c5 22 1c ae 8b  |...."...p..."...|
00007580  43 eb 49 65 d8 9f 3f 29  1b 69 53 03 d6 d2 60 8c  |C.Ie..?).iS...`.|
00007590  b1 b1 50 70 a7 97 ed 5d  af 12 aa 6e 99 54 c3 26  |..Pp...]...n.T.&|
000075a0  09 93 44 4c 55 71 32 e2  ab 41 ef 70 2f eb 84 a0  |..DLUq2..A.p/...|
000075b0  d5 5b 14 94 50 49 34 91  e4 0c 4c 6f 58 84 e0 94  |.[..PI4...LoX...|
000075c0  81 78 33 a4 85 80 06 39  8d 66 01 9b d4 02 03 a5  |.x3....9.f......|
000075d0  e9 b8 8d 33 59 0a 39 cd  e6 9b 14 34 e0 89 f2 0e  |...3Y.9....4....|
000075e0  6b 3a 45 36 c7 ea ec fe  72 5f b4 a4 3a 59 fb b9  |k:E6....r_..:Y..|
000075f0  db 6e ba ad 27 52 d3 52  df 5c 8b 42 f6 dd 8d f9  |.n..'R.R.\.B....|
00007600  ee fa 53 2e 68 a1 37 67  61 c9 a9 ed 49 55 04 08  |..S.h.7ga...IU..|
00007610  85 39 0f 9f 36 c2 f2 2b  0a de 3f 17 8b 57 e1 20  |.9..6..+..?..W. |
00007620  0b a7 f9 d3 d9 7c 29 b5  ec bc 5e 67 8d 65 56 af  |.....|)...^g.eV.|
00007630  b0 c6 17 a9 7d 19 bf 2f  90 63 9a f9 48 c4 8b 42  |....}../.c..H..B|
00007640  81 97 ea ac 57 af a2 02  a5 c8 08 d9 85 8f 1f 8f  |....W...........|
00007650  02 7f 85 fe fc c5 e7 70  1c 49 08 08 ce c2 04 9c  |.......p.I......|
00007660  3c 29 4a 9a 98 48 7a 3d  f0 03 72 c1 92 7b 79 8d  |<)J..Hz=..r..{y.|
00007670  64 d1 6d ae 5b f1 29 10  78 63 7b 7d ed 8b af 77  |d.m.[.).xc{}...w|
00007680  50 82 9f 81 c3 40 a7 20  36 ac 36 3f f2 a5 bc 61  |P....@. 6.6?...a|
00007690  40 5c f2 50 d5 41 98 31  88 25 03 8e 36 ba ab 61  |@\.P.A.1.%..6..a|
000076a0  d3 73 f1 c3 08 27 55 4d  06 26 43 ba 0c e4 2d 4d  |.s...'UM.&C...-M|
000076b0  fd cc 8b 23 27 a2 27 d7  b0 3f 48 d4 73 e5 35 88  |...#'.'..?H.s.5.|
000076c0  02 b5 f3 28 72 c4 d0 94  86 af 84 a3 7b e3 8d fc  |...(r.......{...|
000076d0  44 68 68 dc fb 75 f4 f3  f3 3a d9 1f e8 5b b7 02  |Dhh..u...:...[..|
000076e0  fc 07 a6 15 90 41 50 d0  4d 55 46 dd 23 98 63 fe  |.....AP.MUF.#.c.|
000076f0  b5 7f ff 48 a9 1f 36 d0  08 49 5a f4 55 12 3f 31  |...H..6..IZ.U.?1|
00007700  b2 ee 18 c6 e2 70 3a 70  41 71 84 41 72 a3 9c ff  |.....p:pAq.Ar...|
00007710  93 dc 1f ce ab a6 a5 61  20 88 de fd 15 83 97 6c  |.......a ......l|
00007720  20 85 5e 15 5b d0 ab 17  d1 9b d2 c3 b6 d9 da a2  | .^.[...........|
00007730  a4 a5 89 d0 5a e2 49 c4  8b 1f b7 a2 67 a1 a7 a2  |....Z.I.....g...|
00007740  77 fd 3b d1 a3 7f 41 66  f3 b1 49 76 27 a9 dd 53  |w.;...Af..Iv'..S|
00007750  89 3b 6f 66 de 0c fb 9e  7a 81 60 62 36 7e a3 0a  |.;of....z.`b6~..|
00007760  64 33 8b 4a 8b eb c9 fc  80 4f 02 07 84 e7 da d0  |d3.J.....O......|
00007770  d2 39 3f 23 a3 31 3f eb  4a 51 ea 5a 1d cb d6 fa  |.9?#.1?.JQ.Z....|
00007780  07 35 ca b9 f1 8f 09 02  93 08 36 85 60 0c cd af  |.5........6.`...|
00007790  4b fe e0 62 ba 62 1c 0c  0a 7a 94 3f 75 cb 5a be  |K..b.b...z.?u.Z.|
000077a0  bf ce f2 6a 31 44 75 40  2e b7 9c 42 15 d3 18 2a  |...j1Du@...B...*|
000077b0  1b fb 37 b4 9c 2c 3d 80  0c b8 d1 a8 bc 83 3c 24  |..7..,=.......<$|
000077c0  cc b6 a0 59 87 08 46 81  2e e3 87 64 46 ea 09 d8  |...Y..F....dF...|
000077d0  b6 ea 32 57 71 0f 1b cc  3f 9b e9 06 7b b0 ce 3e  |..2Wq...?...{..>|
000077e0  64 5c 6c dc 71 8a a0 1b  22 13 bb 61 e5 94 a1 66  |d\l.q..."..a...f|
000077f0  7b 6b a6 46 62 53 53 d1  ab 09 29 75 22 f8 d1 a5  |{k.FbSS...)u"...|
00007800  30 55 af 44 a3 87 1d 07  d4 43 6e 50 41 95 31 ad  |0U.D.....CnPA.1.|
00007810  b2 e0 fe ca 2a 18 26 de  fd 84 f7 c5 11 0f 06 87  |....*.&.........|
00007820  62 56 b2 ef 5c b9 3a 34  ef 3e ef 0b e8 8f 26 70  |bV..\.:4.>....&p|
00007830  e5 09 bf c7 c7 c2 8d 9d  e1 85 98 f9 35 ae ef f7  |............5...|
00007840  eb f5 e7 f3 36 7a be 8f  fd 5e ec 0c 53 f3 5f 2a  |....6z...^..S._*|
00007850  80 f5 76 e1 60 16 88 a2  fb c7 37 3e be 7a cc bd  |..v.`.....7>.z..|
00007860  73 01 2d 18 4d 58 d6 70  fe 37 1e ee b9 6c 0e 53  |s.-.MX.p.7...l.S|
00007870  f4 6d 53 68 a3 7a 70 0b  42 f4 72 c9 b7 3d fc 76  |.mSh.zp.B.r..=.v|
00007880  8d 5e ce 91 01 f8 7f d8  c7 53 74 f7 12 ad 16 df  |.^.......St.....|
00007890  ef 0f 35 60 fb 06 b0 53  04 83 0c ec 6d a9 83 d9  |..5`...S....m...|
000078a0  ce 16 5d 60 d3 80 b9 a3  30 13 5c 34 d4 ab 85 84  |..]`....0.\4....|
000078b0  89 65 26 4f ce 58 f4 86  fc 12 39 d2 e9 29 76 0e  |.e&O.X....9..)v.|
000078c0  c5 64 6d e8 5a 37 8a 0c  95 ed 71 19 fd ad 63 1b  |.dm.Z7....q...c.|
000078d0  b4 69 de 31 ed e5 ea 19  4f f6 f6 22 b5 94 15 b0  |.i.1....O.."....|
000078e0  04 7d 7e 11 22 e4 c1 f5  76 3c aa 5d 60 31 5d 24  |.}~."...v<.]`1]$|
000078f0  cb 40 29 67 47 f7 d3 8e  49 cf 77 ed 7f 3a a9 e7  |.@)gG...I.w..:..|
00007900  c5 fe 79 68 36 80 00 aa  76 2b 75 85 5a 05 fc 00  |..yh6...v+u.Z...|
00007910  14 07 6d 93 9e f6 6f 87  1b a3 89 1e 6a d0 7c 81  |..m...o.....j.|.|
00007920  94 aa 34 92 35 41 cd 0e  94 a0 d4 48 d6 e4 aa 05  |..4.5A.....H....|
00007930  00 50 4b 03 04 14 00 00  08 08 00 05 5b ee 5a 8f  |.PK.........[.Z.|
00007940  0c 28 7c e3 02 00 00 e2  08 00 00 18 00 00 00 73  |.(|............s|
00007950  72 63 2f 73 74 72 69 6e  67 5f 75 74 69 6c 73 5f  |rc/string_utils_|
00007960  74 65 73 74 2e 63 6a ac  94 5b 6b 13 41 14 c7 df  |test.cj..[k.A...|
00007970  f7 53 1c 26 2f 69 89 59  ef a2 10 28 f8 11 b4 4f  |.S.&/i.Y...(...O|
00007980  ce cb 76 77 92 8e ee ce  2e 3b b3 9a 22 05 45 db  |..vw.....;..".E.|
00007990  2a 35 52 b0 41 7c 68 1b  11 a5 42 6d c5 0b e9 85  |*5R.A|h...Bm....|
000079a0  98 2f b3 97 f6 5b c8 5e  12 ba 97 66 89 38 6f 7b  |./...[.^...f.8o{|
000079b0  fe ff 39 73 7e 67 ce ac  a5 a8 8f 94 16 81 d6 43  |..9s~g.........C|
000079c0  6e 32 49 a2 86 65 da 02  b8 d0 ea 0e a3 42 10 2e  |n2I..e.......B..|
000079d0  ea b3 85 d1 50 32 14 d5  36 eb b3 92 2c 83 ff 7b  |....P2..6...,..{|
000079e0  fd f4 a0 1b 6c ee ba 7f  d6 fd ee 77 bf b3 1f 9c  |....l......w....|
000079f0  bc f3 b7 5f 4a aa ae 70  0e f3 8c 70 55 b1 c8 7d  |..._J..p...pU..}|
00007a00  c2 c5 5d 85 13 78 2a 01  00 e8 44 00 53 0c 72 07  |..]..x*...D.S.r.|
00007a10  ee 09 9b b2 d6 38 48 99  e5 88 5c 94 b4 2d a2 0a  |.....8H...\..-..|
00007a20  a2 8d 85 48 a1 8c 8a ea  f9 2c b5 f4 f6 5a 6e df  |...H.....,...Zn.|
00007a30  4c 72 7c b8 c4 22 e5 f5  70 37 34 a2 52 d2 42 94  |Lr|.."..p74.R.B.|
00007a40  08 1a 71 c2 b4 34 4a 0a  8d 71 fe c8 b0 2c 2d 4b  |..q..4J..q...,-K|
00007a50  d2 5c 08 9a b0 c7 67 ce  0b aa f3 30 9a 9c 3d 37  |.\....g....0..=7|
00007a60  6a 45 f4 d5 74 98 0a 61  4b 47 8d aa 9e af 31 64  |jE..t..aKG....1d|
00007a70  17 89 9d 43 03 1e 8c 95  70 c9 32 78 3b c7 c1 c7  |...C....p.2x;...|
00007a80  67 f1 1d a4 b4 6c df ab  29 35 5c 88 99 10 7b 38  |g....l..)5\...{8|
00007a90  aa e5 d5 45 a2 eb 26 3c  31 6d 5d 2b 93 53 9b 67  |...E..&<1m]+.S.g|
00007aa0  6a d9 1a fd de 9a b7 b6  7a 3a d8 73 8f 5e 7b df  |j.......z:.s.^{.|
00007ab0  de 07 7b 5f e0 12 b8 83  61 b0 b9 eb ad bc 88 23  |..{_....a......#|
00007ac0  67 cf 87 de 4a 27 f6 4c  cb c1 85 c2 34 c5 d6 26  |g...J'.L....4..&|
00007ad0  d0 54 10 5e c0 02 33 dc  c4 36 c6 18 61 19 55 0a  |.T.^..3..6..a.U.|
00007ae0  a0 d2 26 19 95 80 cd 33  aa 9a 1a 89 ab ce 33 4d  |..&....3......3M|
00007af0  cb e1 c4 e9 12 8c 82 a6  57 10 76 ae 37 6f 5e c6  |........W.v.7o^.|
00007b00  ce 8d db b7 34 54 a9 85  dd 75 07 3d ef f3 20 cf  |....4T...u.=.. .|
00007b10  12 c7 cb 10 fc 7e df db  78 f5 bf 08 0c da 26 93  |.....~..x.....&.|
00007b20  af 21 9a 2a cc a2 b1 c2  22 c1 59 28 bc 8c b4 d5  |.!.*....".Y(....|
00007b30  1d f4 f0 42 19 cd d9 d6  b6 ff b3 3b 79 d2 dc e1  |...B.......;y...|
00007b40  56 d0 fd e0 bd dd f1 7b  fd ec a4 4e 7e 34 b2 1c  |V......{...N~4..|
00007b50  f9 10 65 8f 15 9d 6a c5  f7 94 98 2a 08 b7 f1 52  |..e...j....*...R|
00007b60  96 2b 23 66 b5 fc d3 71  0f 3b de fe 1b bf fb 2b  |.+#f...q.;.....+|
00007b70  35 6a ff 5a b6 6a 1a 96  4e 04 81 64 d2 d0 45 d5  |5j.Z.j..N..d..E.|
00007b80  39 57 ae 5e bb b8 f6 58  2d 2f 3e f8 7a 1c 3f 6e  |9W.^...X-/>.z.?n|
00007b90  f7 f0 c7 b4 6f 81 18 96  58 02 1e fd 40 8b 7e 3f  |....o...X...@.~?|
00007ba0  85 b1 92 e9 70 4f 3e 05  1b ab de c1 d1 5f 91 17  |....pO>......_..|
00007bb0  7e c5 a5 45 45 f9 e9 89  25 a9 0a 05 89 99 45 b8  |~..EE...%.....E.|
00007bc0  c3 ce c5 c2 d8 25 a6 d4  c5 d5 c0 00 9a 43 3f cc  |.....%.......C?.|
00007bd0  9f d1 80 2d a0 95 40 12  4a 84 c3 f1 e9 92 59 4f  |...-..@.J.....YO|
00007be0  37 36 3d df b5 9c bc e2  11 b0 bc d4 e2 12 02 b9  |76=.............|
00007bf0  32 26 26 a6 d4 c0 c0 cc  10 ea e0 98 44 8c e2 44  |2&&.........D..D|
00007c00  59 29 26 11 2d ce 35 e1  bc 58 2e 38 33 2d bf 48  |Y)&.-.5..X.83-.H|
00007c10  41 03 56 63 29 64 e6 21  6a 2f e4 6a 4d 01 5a b5  |A.Vc)d.!j/.jM.Z.|
00007c20  a5 e7 83 aa d8 52 58 cd  07 53 0b a9 7c 35 51 94  |.....RX..S..|5Q.|
00007c30  3b 38 16 17 a7 16 95 68  a4 e7 97 e8 c0 0d 45 54  |;8.....h......ET|
00007c40  c5 08 c5 b5 5c 0a d0 ba  18 00 50 4b 03 04 14 00  |....\.....PK....|
00007c50  00 08 08 00 05 5b ee 5a  6b 4a 37 f3 cb 0a 00 00  |.....[.ZkJ7.....|
00007c60  c4 25 00 00 10 00 00 00  73 72 63 2f 6d 6f 64 69  |.%......src/modi|
00007c70  66 69 65 72 73 2e 63 6a  9c 95 dd 6f 9b 30 14 c5  |fiers.cj...o.0..|
00007c80  df f9 2b ae f2 04 52 46  f6 1c 8d 68 ad da 6c dd  |..+...RF...h..l.|
00007c90  5a ad 5a d6 f5 b1 f2 e0  02 6e 8c 8d ec 4b 57 16  |Z.Z......n...KW.|
00007ca0  e5 7f 9f 6c f3 91 0f ba  87 f1 90 da f8 e7 73 ae  |...l..........s.|
00007cb0  f1 b1 5b b3 74 cb 0a 84  e2 d9 28 19 04 bc aa 95  |..[.t.....(.....|
00007cc0  26 30 94 c5 a9 12 02 53  e2 4a c6 bb cf cc 94 77  |&0.....S.J.....w|
00007cd0  ac 9e c3 85 d6 ac bd e5  86 f6 87 28 57 f1 65 4b  |...........(W.eK|
00007ce0  78 d9 e4 39 ea 7e c0 29  c6 f6 e7 29 57 ba 62 14  |x..9.~.)...)W.b.|
00007cf0  ef 6a 8d 44 ed 1c 9a 42  b4 fb 20 a0 b6 46 b8 53  |.j.D...B.. ..F.S|
00007d00  19 cf 39 ea b5 84 04 c2  0d 69 2e 8b 39 f8 bf 11  |..9......i..9...|
00007d10  bc 5b 75 cd 20 10 48 50  75 b0 81 04 ba 9a 3e f4  |.[u. .HPu.....>.|
00007d20  53 46 a1 55 18 39 fa 09  12 d8 25 2b 08 00 00 2e  |SF.U.9....%+....|
00007d30  b2 ac 27 c2 99 2f 64 36  b7 82 f7 ae 1d 9d 43 b6  |..'../d6......C.|
00007d40  4a 8f 3c 14 62 0a d0 f8  82 da a0 67 be fb ce 04  |J.<.b......g....|
00007d50  46 25 37 9e f9 51 72 33  01 08 94 05 95 1e b9 75  |F%7..Qr3.......u|
00007d60  ed 09 68 8b 6d a7 f2 15  db 29 95 17 26 1a ec 90  |..h.m....)..&...|
00007d70  9f ae 3d 01 3d 2b 2e 3d  f2 45 71 39 01 e4 82 11  |..=.=+.=.Eq9....|
00007d80  61 c7 ac 7d 67 da 8c 67  83 17 cf a6 96 ad 0c e9  |a..}g..g........|
00007d90  6e dd 6a 43 7a ca 4c ab  6a 80 d6 5a 55 d3 58 a1  |n.jCz.L.j..ZU.X.|
00007da0  55 53 7b e8 93 6d 4e 28  65 bc f0 c0 15 2f a2 60  |US{..mN(e..../.`|
00007db0  1f 46 41 50 37 bf 04 4f  21 6f 64 7a b4 f9 92 55  |.FAP7..O!odz...U|
00007dc0  b8 84 3e 35 b9 5c fe 23  75 d1 12 1e 24 27 d8 39  |..>5.\.#u...$'.9|
00007dd0  c7 21 7d 31 cb 32 a7 63  e7 47 c1 fe d8 ac 77 ba  |.!}1.2.c.G....w.|
00007de0  7e e5 86 cc 91 5f b4 84  4b a5 c4 99 5e aa 24 31  |~...._..K...^.$1|
00007df0  2e 3d ec 04 17 0b f8 e8  53 3a 60 50 b1 2d 1a a0  |.=......S:`P.-..|
00007e00  12 c1 9e 2a 10 4a 6d 41  f2 14 03 67 3b 44 39 b4  |...*.JmA...g;D9.|
00007e10  a3 e3 0a 99 2e 0e ec 7d  a3 2b 60 b1 00 9e 43 c8  |.......}.+`...C.|
00007e20  74 11 1b fe 07 61 05 ef  a3 71 c8 3e f6 18 a9 9a  |t....a...q.>....|
00007e30  ec 79 f3 d5 c4 57 98 b3  46 d0 b7 da de 0c 26 8c  |.y...W..F.....&.|
00007e40  0e e9 7b a6 0d 5a b9 28  5e 2b 7d cd d2 32 dc 6d  |..{..Z.(^+}..2.m|
00007e50  b1 9d 83 cb 26 24 ab 43  d8 7d 01 46 69 09 e1 16  |....&$.C.}.Fi...|
00007e60  db d8 17 16 46 27 05 f4  4f ca 0c c2 cc 28 4d 36  |....F'..O....(M6|
00007e70  fe 33 48 56 ae ae 78 d3  bd 81 c4 9b c4 f6 fb 1e  |.3HV..x.........|
00007e80  57 75 2c c1 65 86 92 46  81 1b d7 87 04 52 81 4c  |Wu,.e..F.....R.L|
00007e90  3e 6e 42 2f 33 94 f3 b6  52 ad 31 e7 af a3 d2 bd  |>nB/3...R.1.....|
00007ea0  eb ff 8f d2 6f 9e 51 39  0a 3d da ee b0 a0 1b 49  |....o.Q9.=.....I|
00007eb0  e7 eb d9 9f 96 45 ba c1  c3 77 fb a3 29 1a a9 d1  |.....E...w..)...|
00007ec0  b2 df 42 1f 93 7e 07 dd  35 4d ca 5e e0 26 8c e6  |..B..~..5M.^.&..|
00007ed0  ae 84 28 26 d5 7f 81 5e  67 b0 9c 12 3b 51 39 9b  |..(&...^g...;Q9.|
00007ee0  7f 34 c7 c1 43 ca ed f5  d8 8d fb 70 a7 8d d6 76  |.4..C......p...v|
00007ef0  4b 50 60 85 92 86 74 db  db f3 24 db 4f 6f 25 db  |KP`...t...$.Oo%.|
00007f00  fd 37 eb 0c ec 3d 3e 1e  22 8d 95 7a 41 03 4c fc  |.7...=>."..zA.L.|
00007f10  a5 bd ea 79 db 86 81 e8  ee 5f f1 92 c5 72 db 48  |...y....._...r.H|
00007f20  49 51 74 08 22 0f e9 d4  2e 05 bc 06 19 e8 88 69  |IQt."..........i|
00007f30  59 29 96 40 4a b6 83 42  ff bd 38 7e 89 b2 24 47  |Y).@J..B..8~..$G|
00007f40  19 ca c5 80 79 c7 fb 7a  f7 ee 54 e0 f0 5b d4 5c  |....y..z..T..[.\|
00007f50  55 2c 68 21 a2 fa b9 46  92 c4 65 d4 6b bd 9d 82  |U,h!...F..e.k...|
00007f60  c6 89 fa 04 d8 31 02 fb  ab c0 68 c8 ba f0 15 4a  |.....1....h....J|
00007f70  89 72 fb 87 3f d5 78 e1  2f 5b 2e 95 77 d6 ce 9c  |.r..?.x./[..w...|
00007f80  b9 fe 52 33 4b ae 7b 99  39 35 53 1e 62 01 c9 55  |..R3K.{.95S.b..U|
00007f90  2c 94 1e f0 5d 17 c2 72  80 19 2e 48 49 3f b6 32  |,...]..r...HI?.2|
00007fa0  5e a0 27 59 36 d4 4c a6  40 f7 8d 28 32 2e 03 d1  |^.'Y6.L.@..(2...|
00007fb0  b2 a9 63 56 55 7c 97 45  cb 87 65 f7 ff 73 29 11  |..cVU|.E..e..s).|
00007fc0  09 88 1d ae e3 d8 18 d3  94 14 fa e1 2c d8 3c 65  |............,.<e|
00007fd0  d4 b9 47 d7 26 46 1c 57  b8 c1 15 44 4f 87 82 13  |..G.&F.W...DO...|
00007fe0  21 b7 85 27 74 e8 53 e0  10 9d 76 31 21 69 2c 3e  |!..'t.S...v1!i,>|
00007ff0  f4 1c 79 8c 25 3b 74 fa  ed 68 c8 8f 81 05 db 12  |..y.%;t..h......|
00008000  e4 c0 49 b3 b4 27 35 f9  a9 ab 3f 2c 4a be a7 8a  |..I..'5...?,J...|
00008010  f8 95 ec 6e c3 55 53 d4  eb 28 b4 a1 3a 26 c6 90  |...n.US..(..:&..|
00008020  8a 9d 5c be 37 33 2d e7  af fd 14 b8 0b 1d 71 ff  |..\.73-.......q.|
00008030  ca 33 0e 3a ba c1 bb 41  f0 77 d9 d7 ac 98 90 df  |.3.:...A.w......|
00008040  ca 46 33 32 19 d7 55 4d  f0 79 1c 29 5e 7a 0e 4e  |.F32..UM.y.)^z.N|
00008050  a2 ee 6d 0b 93 15 3e 04  2f e3 bf 60 25 df 9f 07  |..m...>./..`%...|
00008060  0a 4e 40 78 7b 02 c2 e0  6e f0 14 3e e2 66 16 ee  |.N@x{...n..>.f..|
00008070  da 77 e0 ce e2 d2 31 a8  e3 1a bb 0b ce 5f 2e ce  |.w....1......_..|
00008080  b3 cd c5 24 dd 84 f6 e1  bb 61 e1 00 92 71 5e 21  |...$.....a...q^!|
00008090  c5 7d 79 bc a3 51 bf 8e  9e 59 e1 d6 ee a9 65 c6  |.}y..Q...Y....e.|
000080a0  e9 32 f9 6b 13 f0 1f 2d  2a 3e d7 e6 6e aa 5b 30  |.2.k...-*>..n.[0|
000080b0  40 09 ed 2c aa 96 48 53  5c 92 4f 97 63 ec 42 17  |@..,..HS\.O.c.B.|
000080c0  b1 5d 7e ec 38 df 76 fb  89 3b ed 9b 7d d5 2e 7c  |.]~.8.v..;..}..||
000080d0  fc d3 fc 3a c6 ad a4 21  b2 a3 4d d8 f7 5d fd f5  |...:...!..M..]..|
000080e0  cb 3a ba 5e 99 e7 74 69  0d b6 f4 07 83 e9 f2 5b  |.:.^..ti.......[|
000080f0  18 1e 09 e3 a1 80 8d fb  a3 13 c2 89 74 e1 8e 25  |............t..%|
00008100  23 49 b0 e1 4f 8d 54 62  cf 8b 57 d8 2f 0d ec b8  |#I..O.Tb..W./...|
00008110  aa 79 66 86 9e 1a f0 33  05 60 25 79 f6 83 d6 de  |.yf....3.`%y....|
00008120  34 44 a3 71 4a b2 83 de  73 57 e7 d5 c3 da f7 de  |4D.qJ...sW......|
00008130  fc c7 8c d5 bc 36 11 44  f1 bb 7f c5 33 e4 90 d2  |.....6.D....3...|
00008140  d6 f5 2c 78 e8 d5 83 82  d7 e2 61 da 1d 75 4b 9a  |..,x......a..uK.|
00008150  0d b3 49 2c 94 40 84 d0  44 ed 87 95 6e c4 22 48  |..I,.@..D...n."H|
00008160  30 94 1e 34 8d 08 6a ba  d6 fc 33 3b fb 71 f2 5f  |0..4..j...3;.q._|
00008170  90 d9 99 d9 cc 7e 24 01  3f c0 3d 24 b0 bb 33 fb  |.....~$.?.=$..3.|
00008180  de ef bd 79 ef f7 7b b3  d7 ad 11 02 b7 a7 06 dc  |...y..{.........|
00008190  cf e9 7e f2 93 89 16 c6  56 ac 11 92 db c3 54 50  |..~.....V.....TP|
000081a0  0d 7d 47 e4 c7 8c fe 24  5f 9e d7 a7 e4 3b cd 8c  |.}G....$_....;..|
000081b0  1b a9 95 c2 aa 75 23 55  34 d4 2b b6 68 79 39 f3  |.....u#U4.+.hy9.|
000081c0  3c f9 81 26 e0 b2 85 f3  03 7d a7 6e d5 a0 5e 79  |<..&.....}.n..^y|
000081d0  42 50 15 cc 0a 86 32 6e  e0 32 d4 2d a6 3d 04 7d  |BP....2n.2.-.=.}|
000081e0  80 6d 5c 7b 6c ea b9 d0  a3 08 76 1e dc 34 db 90  |.m\{l.....v..4..|
000081f0  57 02 6f f4 df 61 8d fe  1e ce d7 e6 22 ae 69 70  |W.o..a......".ip|
00008200  d7 ac ac 72 d2 28 78 1a  22 18 90 ae b3 63 65 ad  |...r.(x."....ce.|
00008210  1a 56 b6 c5 2d 4a bb df  a7 45 d9 cc ca cb a8 a6  |.V..-J...E......|
00008220  28 ed 71 59 e3 11 4f b3  cb 85 31 56 ab 17 47 7c  |(.qY..O...1V..G||
00008230  49 dd 59 75 43 72 af 7c  de 25 b8 38 1f c5 24 e4  |I.YuCr.|.%.8..$.|
00008240  88 b8 65 3e 04 54 11 d4  3c 66 e4 71 77 e4 63 9b  |..e>.T..<f.qw.c.|
00008250  7f 4c c4 35 0d dc ab 89  7f 72 1e 1f 21 af 37 f6  |.L.5.....r..!.7.|
00008260  3e db c1 e1 57 7a d4 a3  9d 3d bf 3f f4 4f db a1  |>...Wz...=.?.O..|
00008270  3d a1 97 67 09 56 95 8f  ae 82 46 a1 b8 2b 8f 50  |=..g.V....F..+.P|
00008280  b3 a0 b4 dd f9 24 54 d3  80 5e 8c dd cb 43 7a 31  |.....$T..^...Cz1|
00008290  0e 3e f5 7f 7e df f7 ba  c7 ae f3 21 7c db 0a ce  |.>..~......!|...|
000082a0  9e 7a cf 5e d0 e7 e7 c1  b0 ef 0f 5f 87 27 cc 32  |.z.^......._.'.2|
000082b0  cf 1e 85 9d a3 24 53 dc  d8 12 71 df 46 d5 52 86  |.....$S...q.F.R.|
000082c0  a5 14 8a bb e6 c6 56 d6  2e f9 f8 66 41 a8 a8 2a  |......V....fA..*|
000082d0  31 37 b1 25 a8 f2 3d 12  01 c4 6e 36 0c 1d 5b 50  |17.%..=...n6..[P|
000082e0  af 30 f1 a7 83 51 c3 04  31 d9 0b 65 f3 11 9b d7  |.0...Q..1..e....|
000082f0  98 04 f0 4e 8d a0 cd 1a  ab 4c 6c c6 c6 82 cb 4f  |...N.....Ll....O|
00008300  11 db d6 77 de b9 df 5a  fe 69 9b 7b e8 75 7b 9e  |...w...Z.i.{.u{.|
00008310  3d f2 9d 76 30 f9 e8 3a  ef e9 a0 ed bf dc a3 9d  |=..v0..:........|
00008320  2b cf 1e 31 e7 bf 74 c3  37 03 31 a1 a3 af f6 e3  |+..1..t.7.1.....|
00008330  41 1c 0b 4a e7 80 0e 0e  c2 96 13 fc 38 e6 59 93  |A..J........8.Y.|
00008340  67 71 2a 81 84 69 26 b9  05 25 de 94 57 40 fe 33  |gq*..i&..%..W@.3|
00008350  f2 a3 cc 47 d3 a3 9d 48  b4 cd 50 7a d7 1b 37 30  |...G...H..Pz..70|
00008360  9f 4d 25 24 85 c4 74 fd  81 9a 01 7f 42 3c 58 38  |.M%$..t.....B<X8|
00008370  58 1d 57 34 4c bc 1d 89  fc 48 0a 18 ee 81 14 30  |X.W4L....H.....0|
00008380  d1 4f 63 a1 7e 11 1b 45  32 25 06 ac 34 d5 3a 2b  |.Oc.~..E2%..4.:+|
00008390  10 7d 7d 69 9a 5b b1 72  f9 45 9b b5 ac 34 0c 44  |.}}i.[.r.E...4.D|
000083a0  d1 7d bf e2 32 eb e2 1f  f4 07 14 ea c2 6d a0 04  |.}..2........m..|
000083b0  1b e9 60 48 ca 24 b5 ab  80 82 e2 46 dd d8 95 c5  |..`H.$.....F....|
000083c0  ee 0a 7e 80 6b fb 33 f6  f5 17 72 e7 71 3b 99 69  |..~.k.3...r.q;.i|
000083d0  42 5f 6e 8a d8 4c 32 cd  3d 73 ee 39 e7 16 d6 83  |B_n..L2.=s.9....|
000083e0  4a 54 63 ee e9 b6 ef 4a  2b 59 c5 97 5b 6d a0 be  |JTc....J+Y..[m..|
000083f0  bb 45 56 70 08 57 49 b4  1a a6 da 70 d3 8d 49 0b  |.EVp.WI....p..I.|
00008400  f0 fb 06 71 c6 fa fe 63  39 fa d2 b8 95 88 5d 3f  |...q...c9.....]?|
00008410  bf 2e 26 8f 84 5b 1f a1  1a c9 a7 63 b5 5b 9e 74  |..&..[.....c.[.t|
00008420  51 30 5f f0 a4 7b d6 1e  c4 f1 16 f8 c9 68 13 63  |Q0_..{.......h.c|
00008430  a6 df d9 e7 e2 e5 21 19  c4 f1 ea e7 7d fe 34 75  |......!.....}.4u|
00008440  31 49 91 92 7f f0 e5 8e  9b a0 1d 6f 47 23 c0 e4  |1I.........oG#..|
00008450  8f 54 48 09 0b 47 bf a0  ac 17 e1 b0 be e5 32 dc  |.TH..G........2.|
00008460  15 73 bc 7e 41 81 8e 6e  c2 35 a5 d1 57 a4 c2 c9  |.s.~A..n.5..W...|
00008470  7a 8e 2d 97 a2 9b 7f 6e  43 96 41 93 85 52 8c b8  |z.-....nC.A..R..|
00008480  1c 7f 2f de a6 ab d9 68  3e 9e 1c 52 aa 0e 1d d7  |../....h>..R....|
00008490  8e 5d 28 12 f8 ce 3b c6  41 06 e0 87 17 97 0d 79  |.](...;.A......y|
000084a0  de 83 10 b2 a8 1f 8a 30  4f 05 f5 68 9c 78 9c ca  |.......0O..h.x..|
000084b0  be d6 86 65 f4 68 68 6d  b3 a4 e8 54 48 3c 03 6b  |...e.hhm...TH<.k|
000084c0  32 4b 57 d7 37 eb 52 12  57 45 9b 60 27 72 3b 89  |2KW.7.R.WE.`'r;.|
000084d0  64 ba 2d b4 40 89 28 4f  30 aa 32 94 ce af 19 d1  |d.-.@.(O0.2.....|
000084e0  f9 fa 5f 07 72 94 1b a1  4f 76 1c 6f 95 75 f0 96  |.._.r...Ov.o.u..|
000084f0  7a 6a b2 68 f8 7f 95 5e  5f 7d 00 b9 6b d0 b8 6b  |zj.h...^_}..k..k|
00008500  68 48 b5 de 2f 3a 34 d4  5f fe 45 a6 03 07 28 7b  |hH../:4._.E...({|
00008510  4a b9 60 11 30 bb 29 3b  19 8d 26 1d de 25 ce 61  |J.`.0.);..&..%.a|
00008520  d8 e3 18 96 8e c6 45 3c  03 79 4d 13 98 8c 4c 18  |......E<.yM...L.|
00008530  a4 79 2f 12 43 9e 6d d2  6f 39 cb db 87 3e 78 26  |.y/.C.m.o9...>x&|
00008540  97 28 b3 a6 97 96 64 b6  22 5a 35 23 44 b4 07 72  |.(....d."Z5#D..r|
00008550  67 01 63 d6 09 08 d4 86  e4 3f 69 2a 80 d3 43 b8  |g.c......?i*..C.|
00008560  4e 93 bb 48 e4 19 84 70  7e 75 d9 d6 28 cd 53 3c  |N..H...p~u..(.S<|
00008570  df 4a ed 88 a8 2f a2 2c  4a 72 29 eb 36 b3 02 7c  |.J.../.,Jr).6..||
00008580  73 c7 f3 e0 1f b1 66 b0  12 31 0c 84 e1 57 a9 39  |s.....f..1...W.9|
00008590  59 58 7c 00 0f fa 16 9e  02 52 4b 14 a9 87 d2 f4  |YX|......RK.....|
000085a0  d2 83 c7 2e 08 de 3c ec  45 05 5d f0 b4 5d c4 d3  |......<.E.]..]..|
000085b0  ae e2 db 34 76 7d 0b 99  cc b4 4d 9a b8 ba a8 78  |...4v}....M....x|
000085c0  e9 21 4d 43 32 93 f9 93  99 af b0 9f 64 9e 1d 50  |.!MC2.......d..P|
000085d0  70 40 d4 bb 60 04 6f bb  ea 71 dc bc 5c bd dd 5e  |p@..`.o..q..\..^|
000085e0  ab cb 72 35 2d eb c5 33  cc 58 55 93 66 f6 50 2f  |..r5-..3.XU.f.P/|
000085f0  9e 54 35 79 bf b9 6f 6f  bf a6 a3 db f1 b5 8b 69  |.T5y..oo.......i|
00008600  f5 c7 08 46 b1 56 21 fb  d5 46 12 ed d0 57 e5 10  |...F.V!..F...W..|
00008610  9a fe a6 e2 0f 41 5c 80  d4 87 ee f4 d5 b4 b9 9b  |.....A\.........|
00008620  af 5e 67 f5 f2 c2 5e df  b8 54 f3 a5 15 88 00 35  |.^g...^..T.....5|
00008630  11 ad 81 dd 64 9e 59 6f  85 8c a3 54 c0 ce a1 7e  |....d.Yo...T...~|
00008640  3b 99 48 cf a2 58 6c 33  ce d9 28 60 9c 73 ce 42  |;.H..Xl3..(`.s.B|
00008650  a3 95 51 2b 63 a1 37 62  68 c4 af 43 45 f3 e4 40  |..Q+c.7bh..CE..@|
00008660  3f 9d d3 e3 a8 00 6b a7  22 c6 84 21 11 45 67 6b  |?.....k."..!.Egk|
00008670  cd 9e ff bd fe 49 d3 76  ff 7f 70 38 c0 5e c7 de  |.....I.v..p8.^..|
00008680  cc b2 e6 e1 80 c6 b6 fe  48 44 e1 3f ae 2c 5d 43  |........HD.?.,]C|
00008690  51 3e 11 39 52 5e d3 a9  5e 4d ef f4 7f 9d 6a 83  |Q>.9R^..^M....j.|
000086a0  46 6c e1 ba 7a 12 0e 28  62 78 b8 50 1f 22 15 23  |Fl..z..(bx.P.".#|
000086b0  1f fa f0 c9 2a 7d 06 b3  86 51 f7 7d 44 c3 9b 13  |....*}...Q.}D...|
000086c0  7c bf de da 62 8c cf ea  ad 81 95 66 18 d9 89 0c  ||...b......f....|
000086d0  21 e5 c0 19 3a 99 c6 ba  2a cd 46 19 87 16 9a 44  |!...:...*.F....D|
000086e0  14 e7 9c ed 1a d1 f3 53  1a f7 67 64 ed 74 63 9a  |.......S..gd.tc.|
000086f0  f6 31 f4 41 26 a4 8e 02  b2 2f 6b 89 19 04 4a c9  |.1.A&..../k...J.|
00008700  4c 57 48 c9 4c 2f 56 c8  cc 2b c9 87 8d 4f 17 97  |LWH.L/V..+...O..|
00008710  14 95 26 97 94 82 e6 4f  21 c3 98 89 0a 05 89 25  |..&....O!......%|
00008720  19 f0 d2 c1 25 33 9d f8  b2 01 a5 55 68 6b 8b 3a  |....%3.....Uhk.:|
00008730  f4 8b 7d 02 04 2a 0a 4a  c4 90 de 0d 38 03 82 1a  |..}..*.J....8...|
00008740  c6 b5 00 50 4b 03 04 14  00 00 08 08 00 05 5b ee  |...PK.........[.|
00008750  5a 99 af a8 34 a6 06 00  00 7c 14 00 00 12 00 00  |Z...4....|......|
00008760  00 73 72 63 2f 71 75 65  72 79 5f 6d 61 74 63 68  |.src/query_match|
00008770  2e 63 6a 94 54 51 6f 1b  45 10 7e bf 5f 31 4f 69  |.cj.TQo.E.~._1Oi|
00008780  43 ac c4 95 10 0f 11 0e  12 42 42 a0 02 15 95 e0  |C........BB.....|
00008790  a1 e2 e1 72 b9 c4 5b ce  77 a7 db 4d 5b 20 91 5c  |...r..[.w..M[ .\|
000087a0  1a 27 b6 b0 43 14 70 e2  1e 4e 43 53 c7 0d 55 62  |.'..C.p..NCS..Ub|
000087b0  a7 2d 4a dc d8 a6 3f 86  db 3d df 53 fe 02 da dd  |.-J...?..=.S....|
000087c0  b3 7d e7 1a 51 56 d6 ea  76 66 fc cd 7c 33 df ae  |.}..QV..vf..|3..|
000087d0  ad 6a df aa 4b 3a 2c dd  c6 96 a9 28 28 63 5b 0e  |.j..K:,....((c[.|
000087e0  01 4c 16 a6 35 cb bc a3  3b 64 fa 86 ea 60 75 de  |.L..5...;d...`u.|
000087f0  d0 15 65 66 06 d8 fe 61  af 79 40 8b af 82 5c 89  |..ef...a.y@...\.|
00008800  1d 3d a6 7b bb dc 4a f7  2f bc 8b cd 8f 2d bf 90  |.=.{..J./....-..|
00008810  67 d5 63 af 53 a1 c5 1d  ee ed fc 7c d9 29 d2 d3  |g.c.S......|.)..|
00008820  f5 e8 bf fc df 5a 34 f7  d2 77 d7 e8 f9 21 cd 9d  |.....Z4..w...!..|
00008830  d3 8d 2e 2b 9f 7a ed cd  65 82 0c 3c ad dd a6 f9  |...+.z..e..<....|
00008840  75 bf de ee 6d bc 64 27  35 b6 b3 e1 b5 cf 78 86  |u...m.d'5.....x.|
00008850  de fd 62 ef cf 27 97 1d  97 d6 d6 fc ad f5 4f 6f  |..b..'........Oo|
00008860  7e f1 b9 04 65 7b 8f bd  f6 99 84 fe 3b 7b 5f 66  |~...e{......;{_f|
00008870  95 47 ba 5d f4 9f b7 e9  a3 9f fc c2 2b da 70 7d  |.G.]........+.p}|
00008880  77 8d 35 7f ed fd f5 80  fd 52 f2 ba 55 41 27 a3  |w.5......R..UA'.|
00008890  12 2d 7d 1d 65 10 01 83  ef 18 be d4 3f b2 30 68  |.-}.e.......?.0h|
000088a0  56 c6 36 f4 7b 88 7c 07  77 11 49 83 0a 18 71 0b  |V.6.{.|.w.I...q.|
000088b0  88 3d a3 9b 44 25 c8 32  95 c5 65 53 8b 80 5c c5  |.=..D%.2..eS..\.|
000088c0  c4 99 85 9b c4 41 e6 52  02 6c 95 10 dd 31 fb 86  |.....A.R.l...1..|
000088d0  c9 59 f8 d0 b2 0c f8 41  01 00 98 99 01 bf 91 a5  |.Y.....A........|
000088e0  a5 32 2f 2b fb b4 f7 a0  4b 1b 05 9a 3b a2 8d 47  |.2/+....K...;..G|
000088f0  fe e6 e9 65 c7 0d 1e 6e  d1 fc 19 3d d9 f5 8f eb  |...e...n...=....|
00008900  5e eb 05 dd 2e 4a 6e 3c  be 9a a5 b5 a7 41 f9 35  |^....Jn<.....A.5|
00008910  bd a8 0b 30 43 27 90 51  ef 5d d7 cd 25 92 86 14  |...0C'.Q.]..%...|
00008920  5c 4b 26 93 c9 a8 e7 86  2c 25 16 20 fc 62 43 8b  |\K&.....,%. .bC.|
00008930  c0 2b 9f c6 e8 7b 1d e6  22 48 2b 2b 7d 12 11 5f  |.+...{.."H++}.._|
00008940  0c 6b 32 a4 c3 97 a3 93  65 c7 84 45 d5 c0 ba 30  |.k2.....e..E...0|
00008950  ae 0e 53 70 91 08 66 74  ff 82 55 8f 7d 77 2d c8  |..Sp..ft..U.}w-.|
00008960  ba 5c 0d c7 75 39 ac cb  4e 31 64 5c 2b b1 bd 1f  |.\..u9..N1d\+...|
00008970  fb cc 42 cc 79 15 23 ed  6b 64 2c 68 aa b3 f0 19  |..B.y.#.kd,h....|
00008980  ef 37 2f 78 d0 e2 04 24  e5 6f 52 59 55 42 41 8e  |.7/x...$.oRYUBA.|
00008990  cd d2 ef 6e 91 b6 ea ac  5a 18 e4 92 a9 e5 38 c7  |...n....Z.....8.|
000089a0  e7 fa d7 b1 26 00 a3 59  f8 c4 24 ef bd 9b 00 7b  |....&..Y..$....{|
000089b0  f8 b9 a0 db 24 1d 9e de  18 7d 50 79 c1 4e 0e 82  |....$....}Py.N..|
000089c0  ec 36 ed 6e f7 5e 6f b0  f3 e7 41 f6 77 96 df 92  |.6.n.^o...A.w...|
000089d0  4a 08 76 1b c1 41 65 30  1a 81 04 73 62 68 6f db  |J.v..Ae0...sbho.|
000089e0  ef 3b aa 03 36 fa 4a 75  20 05 36 12 50 dc 84 43  |.;..6.Ju .6.P..C|
000089f0  13 46 f1 e9 cb d0 b9 54  6c dc 63 72 e1 7e 5c 5f  |.F.....Tl.cr.~\_|
00008a00  2e a3 73 16 52 1a 0d 8a  02 f1 37 e4 49 96 ed 1f  |..s.R.....7.I...|
00008a10  d2 c2 1f 5e f7 21 57 b3  90 35 ab 34 e9 56 9d e6  |...^.!W..5.4.V..|
00008a20  8e 58 a5 39 90 c6 e0 5f  77 d3 c8 d0 fb 65 be 1f  |.X.9..._w....e..|
00008a30  17 e5 c4 44 ff 7c 4b f8  bf 81 54 0a e6 af bc 73  |...D.|K...T....s|
00008a40  25 9a 96 2f e1 9d 9a 1a  d8 56 47 95 3b b6 0b a3  |%../.....VG.;...|
00008a50  0c f9 8d b2 b5 b4 ec 6c  2c ef c0 8d 43 37 26 ce  |.......l,...C7&.|
00008a60  2d 3c 74 89 4d 3c 16 70  55 20 44 0b d4 54 ac 8b  |-<t.M<.pU D..T..|
00008a70  aa 21 35 17 ab 9a ab 65  f4 aa b8 f4 74 af d7 2c  |.!5....e....t..,|
00008a80  cb 63 d2 6b 3d 63 f9 1d  5a 73 bd d6 33 f9 5e c4  |.c.k=c..Zs..3.^.|
00008a90  00 de f6 0a 89 4a 13 61  13 a6 e0 5a 28 61 fe 39  |.....J.a...Z(a.9|
00008aa0  09 2b 2b 31 cc 70 fd e7  b5 c4 43 30 5b c2 0f 31  |.++1.p....C0[..1|
00008ab0  47 a9 7f 30 8e 3a 2d 95  25 a5 37 35 f1 bf b9 45  |G..0.:-.%.75...E|
00008ac0  ea 18 e5 f7 0f e7 d5 b3  db c4 0f 84 ef 3c c5 fc  |.............<..|
00008ad0  f6 f2 4b 50 59 05 09 71  a8 14 55 20 d1 0b 52 41  |..KPY..q..U ..RA|
00008ae0  a8 e2 52 21 e4 6e 26 c4  8a 63 1b db 6b 75 91 da  |..R!.n&..c..ku..|
00008af0  77 e1 05 38 f0 00 bc 4e  5f 03 8d 67 ff 26 9b 90  |w..8...N_..g.&..|
00008b00  74 6f b5 dd cf df cc 7c  f3 8d 33 e4 f2 75 84 c8  |to.....|..3..u..|
00008b10  e3 ef 3f 8f 3f 7f 71 c6  07 a9 48 8a e7 82 cf 61  |..?.?.q...H....a|
00008b20  a7 ac cd 77 52 11 8e 21  4a a0 f7 80 ca e3 fe db  |...wR..!J.......|
00008b30  3a 27 6e be fb 5a cd ec  92 df 4b 74 55 72 53 f4  |:'n..Z....KtUrS.|
00008b40  50 ac b0 58 7b 0a 47 c0  27 f4 a5 0a ac 55 f4 20  |P..X{.G.'....U. |
00008b50  f8 24 14 46 2f 24 cd 3d  98 18 1b e4 46 fe c0 c5  |.$.F/$.=....F...|
00008b60  94 4d b3 0f 35 71 f6 1c  de 38 27 aa 8f 22 ac 18  |.M..5q...8'.."..|
00008b70  eb 0c a2 50 25 9e d7 d0  43 43 24 67 8a 42 c1 9c  |...P%...CC$g.B..|
00008b80  0f b5 6b ce 46 98 83 b3  79 42 cf bb cd c6 46 3f  |..k.F...yB....F?|
00008b90  d4 2c e0 d6 18 85 42 03  bf 59 7c a2 f8 60 1d 2e  |.,....B..Y|..`..|
00008ba0  e5 1d d4 54 d3 c0 9e b6  26 e5 6c 6c 66 da 8c 2c  |...T....&.llf..,|
00008bb0  c4 d9 78 33 ab ad e3 61  60 1d 0d 8b 78 f3 32 cf  |..x3...a`...x.2.|
00008bc0  bf b4 cb 44 50 7a 1a a6  c3 34 d3 ba 59 c3 1c 82  |...DPz...4..Y...|
00008bd0  2b bb d5 ba ed 9d 8d db  ea 48 8a cb 9e 67 db 9a  |+........H...g..|
00008be0  a3 8f f1 a3 50 39 de 49  1f fc 64 ba 73 64 f7 aa  |....P9.I..d.sd..|
00008bf0  0e 54 97 4a 1d c0 a5 6d  e9 57 93 28 d4 69 b8 14  |.T.J...m.W.(.i..|
00008c00  d9 01 5c da 7e 12 6e 4a  e4 01 e0 b4 ff 14 64 6a  |..\.~.nJ......dj|
00008c10  68 ce d4 b0 56 dd 04 20  49 98 f5 76 6d b8 f4 59  |h...V.. I..vm..Y|
00008c20  8a 77 b0 c1 6a a5 7f 92  7e 35 d6 ef 1e 03 2b fd  |.w..j...~5....+.|
00008c30  ad f0 38 79 2f f5 22 bf  76 25 9e 41 96 0d 73 bd  |..8y/.".v%.A..s.|
00008c40  b7 87 47 10 2e 89 fc 08  c4 b3 83 60 75 10 63 01  |..G........`u.c.|
00008c50  14 0e 45 c0 ab 52 29 26  db d3 57 e3 14 d0 6b b7  |..E..R)&..W...k.|
00008c60  77 c2 a9 aa b1 32 b9 e4  6e 85 85 41 af ff 0f 90  |w....2..n..A....|
00008c70  24 da f6 d7 7f 7d d5 9e  f0 4a 1c dc b1 34 0e 70  |$....}...J...4.p|
00008c80  63 43 05 c6 a2 13 c1 38  7a 5d a4 87 78 82 46 5d  |cC.....8z]..x.F]|
00008c90  20 1b 57 bf b1 6b bb 30  96 ba 39 cb 46 2e 6f 5b  | .W..k.0..9.F.o[|
00008ca0  73 18 df 75 65 f1 85 b7  58 c8 a5 2c a0 b5 38 6e  |s..ue...X..,..8n|
00008cb0  5e a9 bf f5 07 38 85 b7  96 7a b1 33 c3 53 ad f9  |^....8...z.3.S..|
00008cc0  c5 4f aa 1b 1b c5 09 82  8f 7c a6 14 26 b0 f4 9e  |.O.......|..&...|
00008cd0  ed 91 a7 3f e2 74 04 fb  aa dc dc a2 db ee 12 7a  |...?.t.........z|
00008ce0  77 38 1b 35 cc e1 52 19  11 5e bf ca 83 ab e8 b7  |w8.5..R..^......|
00008cf0  1b b2 eb 5c 5c c0 2c 9f  ed a5 c3 a8 1d 1d 5d 6e  |...\\.,.......]n|
00008d00  76 e9 e8 31 3e a4 eb 6d  36 75 fd 52 a0 64 f4 8c  |v..1>..m6u.R.d..|
00008d10  1b 52 07 1c 13 63 52 fa  71 a0 4b 6e 8a 7f a0 26  |.R...cR.q.Kn...&|
00008d20  07 18 f9 81 f2 97 f5 f2  4b 61 10 86 e1 f0 55 8c  |........Ka....U.|
00008d30  30 d0 2b 8c da 2b ec 0e  be 5b 05 e7 fd 47 9a d6  |0.+..+...[...G..|
00008d40  f4 cf 6f 23 0f 7b 13 fa  35 68 bf c6 24 52 08 5f  |..o#.{..5h..$R._|
00008d50  b7 ea 53 c4 dd c6 75 c0  2b 7d 55 63 de 7e e8 73  |..S...u.+}Uc.~.s|
00008d60  2a 72 68 e0 4b f7 66 3f  ba 1b 33 2e 63 f1 76 e7  |*rh.K.f?..3.c.v.|
00008d70  3b 76 12 5a ec 94 a3 0e  24 0c ba 96 73 18 eb e2  |;v.Z....$...s...|
00008d80  39 1c cf b7 9c c7 58 17  cf e3 78 8f 92 ab c7 e7  |9.....X...x.....|
00008d90  74 86 73 fb e9 d5 16 b2  ec b1 2a 0f 92 4f 40 79  |t.s.......*..O@y|
00008da0  99 13 e1 da 9e 39 b3 a0  f3 b4 56 77 36 56 e9 e1  |.....9....Vw6V..|
00008db0  da 6c d2 19 b4 48 67 ce  22 3d 72 06 e9 cc 59 a4  |.l...Hg."=r...Y.|
00008dc0  47 0e c6 b3 ea c8 ad 1c  f0 a1 7f 92 55 4e f9 ef  |G...........UN..|
00008dd0  c9 37 ad dc 0b 4a 5d 5b  72 e5 e7 e9 67 98 a8 59  |.7...J][r...g..Y|
00008de0  92 66 65 fe 99 a2 65 38  fa 1e ee 33 45 9c c6 a1  |.fe...e8...3E...|
00008df0  64 3c ac 0e 40 b3 df ce  16 55 47 4d 0d 86 93 d1  |d<..@....UGM....|
00008e00  74 a0 94 15 8a d8 fc 8f  ae c1 16 4d 07 8a 1d a8  |t..........M....|
00008e10  6d 25 78 77 0a 6b d9 0b  00 50 4b 03 04 14 00 00  |m%xw.k...PK.....|
00008e20  08 08 00 05 5b ee 5a 96  30 a3 44 81 03 00 00 f7  |....[.Z.0.D.....|
00008e30  11 00 00 15 00 00 00 73  72 63 2f 72 65 73 75 6c  |.......src/resul|
00008e40  74 5f 68 65 6c 70 65 72  73 2e 63 6a 9c 95 cd 6b  |t_helpers.cj...k|
00008e50  d4 40 18 c6 ef f9 2b 5e  f6 94 85 90 ee 41 3c 04  |.@....+^.....A<.|
00008e60  11 bc 28 55 59 c1 0a 1e  25 cd 8e db d1 ec 64 99  |..(UY...%.....d.|
00008e70  0f aa 88 50 31 b2 55 5b  8b e0 aa ac d2 0f 95 62  |...P1.U[.......b|
00008e80  a1 42 14 0f 25 bb fa d7  ec 64 ec c9 7f 41 f2 61  |.B..%....d...A.a|
00008e90  0d ed c6 26 39 64 0f 9b  99 77 7e cf f3 3e ef a4  |...&9d...w~..>..|
00008ea0  6f 3b 77 ed 2e 82 ee 1d  e6 11 4d c3 bd be 47 39  |o;w.......M...G9|
00008eb0  30 de 31 1d cf 75 91 c3  b1 47 cc 0b 94 da f7 af  |0.1..u...G......|
00008ec0  62 c6 35 6d 6e 0e ae 23  26 5c fe eb e7 13 f9 6c  |b.5mn..#&\.....l|
00008ed0  2f da f4 0f 57 b6 e5 e0  47 34 0c 7e 4f d6 e4 60  |/...W...G4.~O..`|
00008ee0  43 06 2f 0f 07 eb f2 d3  fa 74 fc 51 6d 3f 8a 37  |C./......t.Qm?.7|
00008ef0  c8 ad 70 1a be b8 e4 a9  a7 ab d1 fb 7d 35 f2 69  |..p.........}5.i|
00008f00  52 e1 d6 12 72 fb 88 32  b3 eb 4d 27 6f e5 da eb  |R...r..2..M'o...|
00008f10  e8 f3 8e 9c 6c 24 67 c8  d5 77 72 1c ca ad 50 ed  |....l$g..wr...P.|
00008f20  ac a8 91 af f6 c2 f4 54  ad 2f 16 5d ec c0 6d 41  |.......T./.]..mA|
00008f30  1c 70 28 b2 39 6a 0b d7  4d 5f ea 4d 2b 83 83 07  |.p(.9j..M_.M+...|
00008f40  1a 00 00 45 5c 50 92 fd  a7 5f c1 a4 63 c6 ab 0d  |...E\P..._..c...|
00008f50  68 34 d2 a7 65 b6 0c 68  19 70 24 f0 dc 3c e1 67  |h4..e..h.p$..<.g|
00008f60  cf 9c d7 9b 4d ed 61 1e  e4 60 57 7d ff 20 27 c3  |....M.a..`W}. '.|
00008f70  d2 2c 37 31 5f 9a 27 1d  74 4f c7 f1 af 05 49 e1  |.,71_.'.tO....I.|
00008f80  7a 80 49 85 d3 21 2f 2f  5c 6b ab af 63 b9 f9 bc  |z.I..!//\k..c...|
00008f90  d0 ab 78 49 e6 06 b5 97  2d 58 e0 14 93 6e 09 aa  |..xI....-X...n..|
00008fa0  78 a3 01 d4 5e ae ef 5b  25 bc 7f f6 e5 38 0d a8  |x...^..[%....8..|
00008fb0  e8 e5 2c ea 92 66 1e 75  3c 1a 06 6a ec ab 91 5f  |..,..f.u<..j..._|
00008fc0  8f 1f b1 62 05 99 1e c4  ac 13 bd ad d9 92 4c 5c  |...b..........L\|
00008fd0  56 f6 58 86 bf bc 51 fb  bb d3 83 6f a7 64 24 f5  |V.X...Q....o.d$.|
00008fe0  fa 64 4a 0c 60 9c 56 88  cc df 9e 25 a1 61 9c d6  |.dJ.`.V....%.a..|
00008ff0  9b b6 3a d4 05 e1 c9 e1  57 4e 52 81 98 92 61 8a  |..:.....WNR...a.|
00009000  86 41 ac e3 ff be b7 45  6f 11 d1 59 be 13 d1 b3  |.A.....Eo..Y....|
00009010  e0 a2 eb d9 65 6f 90 b8  50 6e 5a 89 e8 55 be e5  |....eo..PnZ..U..|
00009020  2a 23 17 98 9e 67 af ec  7a 6a c9 71 25 a5 27 f8  |*#...g..zj.q%.'.|
00009030  b1 0c 5e e5 4d 07 fd 06  15 a8 39 e3 1b f2 47 20  |..^.M.....9...G |
00009040  71 b2 ca 45 90 46 0a cb  c5 a7 3b c8 71 27 75 0a  |q..E.F....;.q'u.|
00009050  48 6c ce a7 20 78 dd 12  73 8a b1 86 2f 58 82 ac  |Hl.. x..s.../X..|
00009060  00 06 eb a4 41 08 13 e3  54 ea 84 31 56 1f 10 0c  |....A...T..1V...|
00009070  e4 97 0d b3 9e 4f 59 01  6d 6a ad db f7 7c ef 3a  |.....OY.mj...|.:|
00009080  48 23 4b 41 57 e1 f9 c6  dd 4f f6 ec 41 6a 4e 15  |H#KAW....O..AjN.|
00009090  a7 96 40 14 3a 25 16 a7  a2 a4 6e 14 19 8d ec cc  |..@.:%....n.....|
000090a0  bc 14 2b 05 50 33 08 1c  a0 c4 95 e5 d9 30 e5 c4  |..+.P3.......0..|
000090b0  d6 fc b8 5c 0e af 51 b1  bb 10 11 d8 38 9c 49 4a  |...\..Q.....8.IJ|
000090c0  e9 81 cd d1 84 d3 35 ac  aa 21 3a d4 91 ab 4a 74  |......5..!:...Jt|
000090d0  5f 0d 64 35 0a 29 bc 89  f6 06 72 cd 83 ee 8d 41  |_.d5.)....r....A|
000090e0  51 2b 15 25 96 3f 9d d4  03 6f 81 83 da f0 c8 e5  |Q+.%.?...o......|
000090f0  fa fb 3d 1d cf a7 ac 78  b2 ab af 20 b1 a8 18 dc  |..=....x... ....|
00009100  1f 78 be b6 13 d6 27 e9  c4 db 65 00 a5 ba a0 c4  |.x....'...e.....|
00009110  72 c7 bc 14 ca 5b 9b 90  ae 05 6a 4e 21 be b5 89  |r....[....jN!...|
00009120  e6 47 50 c9 8c db 8f 60  59 fc 7e 44 54 69 d4 f4  |.GP....`Y.~DTi..|
00009130  23 45 15 c6 32 34 3f 82  4b 46 dc 9e 84 48 e3 f7  |#E..24?.KF...H..|
00009140  25 52 c5 42 4d 6f 02 44  5e 99 0d ef 2b 16 25 96  |%R.BMo.D^...+.%.|
00009150  63 49 a6 c4 24 44 12 bb  65 d8 92 1c 71 dd 59 88  |cI..$D..e...q.Y.|
00009160  13 d1 53 19 de a6 11 34  80 49 74 22 f9 2d 24 88  |..S....4.It".-$.|
00009170  13 31 12 09 16 37 62 a6  02 12 1d 09 18 19 ad 8c  |.1...7b.........|
00009180  fd ab 5f 36 cc 87 c5 f8  8e e7 53 56 3c 9f d5 02  |.._6......SV<...|
00009190  71 e0 d3 75 f3 9e ec eb  86 39 33 27 b5 44 01 31  |q..u.....93'.D.1|
000091a0  44 a1 60 8b 65 d4 02 59  a9 6b 6e 41 49 25 a8 ab  |D.`.e..Y.knAI%..|
000091b0  e9 9f 94 95 9a 5c 82 a6  0b a9 ff ae 54 5d ab a4  |.....\......T]..|
000091c0  89 55 27 b8 2f 89 47 63  74 ac 92 26 00 50 4b 03  |.U'./.Gct..&.PK.|
000091d0  04 14 00 00 08 08 00 05  5b ee 5a b9 e4 2d af e6  |........[.Z..-..|
000091e0  05 00 00 65 16 00 00 11  00 00 00 73 72 63 2f 70  |...e.......src/p|
000091f0  61 72 73 65 5f 74 65 73  74 2e 63 6a cc 55 4d 6b  |arse_test.cj.UMk|
00009200  db 40 10 bd eb 57 0c 7b  b1 1d 84 92 c8 f4 12 08  |.@...W.{........|
00009210  24 29 6d 21 05 a7 24 be  85 1c d6 d2 da 55 bc 5a  |$)m!..$......U.Z|
00009220  99 9d 55 4b 08 86 42 dd  43 69 0e 39 d4 18 42 69  |..UK..B.Ci.9..Bi|
00009230  29 a5 ed a1 0e 71 0b 81  a4 1f ff 26 b2 fd 33 ca  |)....q.....&..3.|
00009240  ca a9 6d 45 b6 48 6f b9  08 cd ec d3 db 37 9f 6a  |..mE.Ho......7.j|
00009250  50 a7 4e 6b 0c 6a fb 18  08 c3 f0 fc 46 20 15 a0  |P.Nk.j......F ..|
00009260  72 ad 50 78 4a 31 54 d6  c2 4c af 3e f2 a9 23 03  |r.PxJ1T..L.>..#.|
00009270  6b c1 30 d6 ca 0c 95 e1  70 8a 08 4f a8 44 a6 6d  |k.0.....p..O.D.m|
00009280  38 34 00 00 e2 c7 e2 22  f4 cf df 0c cf da d1 87  |84....."........|
00009290  9f fd 77 dd c1 49 6b 73  67 ab 34 fc fa a9 ff fe  |..w..Iksg.4.....|
000092a0  38 06 c4 0c f7 29 b2 d8  aa 86 c2 01 7d 43 4c b6  |8....)......}CL.|
000092b0  41 d1 73 ca 07 0d 86 f9  c2 35 69 82 b3 df ee 45  |A.s......5i....E|
000092c0  a7 9d b1 9f 33 05 22 f4  b7 19 86 5c c1 2a 34 34  |....3."....\.*44|
000092d0  47 9e 2c db 45 52 18 83  d6 d6 11 99 54 f9 31 d0  |G.,.ER......T.1.|
000092e0  aa 7b c2 35 e1 b1 27 5c  ab 14 fa 15 26 b3 c0 22  |.{.5..'\....&.."|
000092f0  f4 4d 58 b6 8b d6 d2 04  95 16 16 9d 76 06 dd 2f  |.MX.........v../|
00009300  57 17 3f 12 da 50 c9 1b  da 72 e4 29 e3 3c 20 b9  |W.?..P...r.).< .|
00009310  f4 95 63 f0 b4 be 1d 25  3d 51 cb 02 a3 92 26 5c  |..c....%=Q....&\|
00009320  b3 66 2a bc 78 19 f5 de  46 2f 7e 27 14 56 82 80  |.f*.x...F/~'.V..|
00009330  df 4c 9f 92 21 9b 91 bf  09 74 5a 60 59 86 2c 13  |.L..!....tZ`Y.,.|
00009340  ab 3f cb 17 4c 50 09 e0  1c 11 f6 44 45 95 72 cc  |.?..LP.....DE.r.|
00009350  96 61 4f eb 78 a8 e1 59  42 6c eb 9f 92 6a 12 9a  |.aO.x..YBl...j..|
00009360  2e a6 08 39 bf d1 63 3c  95 25 ed 9b d9 65 9c cf  |...9..c<.%...e..|
00009370  6a 33 ce 47 d8 e6 8c 49  d1 03 12 9d 5d 0e bf 7f  |j3.G...I....]...|
00009380  bc e5 98 6c 55 f6 99 a3  12 23 a2 65 ea c1 86 55  |...lU....#.e...U|
00009390  c8 1d 12 41 7d 46 56 80  ac 73 cf 61 c4 04 42 6b  |...A}FV..s.a..Bk|
000093a0  da 2e 2e e9 57 47 79 cf  b4 a5 2b d2 cc 25 18 64  |....WGy...+..%.d|
000093b0  32 48 4d 98 0e 51 a6 c2  d3 01 cc c5 49 fa dc 84  |2HM..Q......I...|
000093c0  09 d3 bc 04 f4 db bd c1  af d6 2d 13 b0 2e 25 3d  |..........-...%=|
000093d0  98 1b ff ee b2 09 b6 09  c5 f1 5c ec dd 89 28 a3  |..........\...(.|
000093e0  f3 a3 e8 73 e7 3f b6 61  89 a1 62 ee 26 06 22 a3  |...s.?.a..b.&.".|
000093f0  d4 21 32 49 56 60 52 f3  8d a0 a2 2b ee 32 45 3d  |.!2IV`R....+.2E=|
00009400  8e f1 d1 a8 fa f6 3d 13  08 d6 3d 1e 7b 77 c9 a3  |......=...=.{w..|
00009410  40 e3 b6 43 54 64 af d9  bc 1b 9d 10 1d bd 8a 8e  |@..CTd..........|
00009420  bf 0d ff 74 af 2e 5f 8f  76 ea e0 a4 95 5c ae 59  |...t.._.v....\.Y|
00009430  ff 8f 07 e8 d0 06 73 47  5b 73 6e d2 fe f2 5e fe  |......sG[sn...^.|
00009440  3a 09 43 51 18 7f 95 a6  4b a7 16 5a da f0 0c ce  |:.CQ....K..Z....|
00009450  c4 b0 dc a5 81 2b 34 36  ad 62 c1 18 e3 62 88 71  |.....+46.b...b.q|
00009460  80 88 43 35 4e 62 a2 12  06 09 89 0c 48 e0 6d 68  |..C5Nb......H.mh|
00009470  cb 63 98 f6 f6 7f ef a5  35 31 ac e4 d0 ef eb 39  |.c......51.....9|
00009480  f7 9e ef 57 74 2a 00 d0  2e f5 8e da 04 c0 00 80  |...Wt*..........|
00009490  3e ef ea 06 6c 02 40 d3  ff d2 07 d2 de f6 ef 4e  |>...l.@........N|
000094a0  6c 69 07 2e 8c d0 03 4d  93 6f ca b1 a6 34 f4 26  |li.....M.o...4.&|
000094b0  2c de 11 ff 0f 79 1d d9  6e c6 d6 c7 66 bb 7c 72  |,....y..n...f.|r|
000094c0  cc c1 01 3b 90 90 25 bf  35 8a 7d f7 24 8c fa ce  |...;..%.5.}.$...|
000094d0  64 68 8f d7 d6 fa 21 f7  30 a0 6c cf 92 84 b9 b0  |dh....!.0.l.....|
000094e0  cd 79 62 c8 8a 66 a4 d7  bb 28 60 96 7b 58 57 04  |.yb..f...(`.{XW.|
000094f0  21 a2 62 0f 21 44 81 44  10 bb c5 6b da 90 06 5b  |!.b.!D.D...k...[|
00009500  69 43 2c 5f c5 c5 4d 50  58 08 6a c2 62 cf 11 cb  |iC,_..MPX.j.b...|
00009510  57 c9 50 33 73 6e 7f d2  ae 4e 54 5d ce 34 aa c2  |W.P3sn...NT].4..|
00009520  f1 22 c6 58 ac b6 88 b5  78 b9 67 ce 7d 2c 3e a3  |.".X....x.g.},>.|
00009530  9d c9 a3 f5 f5 b9 9b bd  d9 e6 dc fe 36 93 c0 d5  |............6...|
00009540  50 32 30 c8 49 10 37 cb  b0 b4 88 bd a8 18 e1 a0  |P20.I.7.........|
00009550  54 de 33 cc 7d 06 35 d8  aa 65 3d b2 02 27 41 96  |T.3.}.5..e=..'A.|
00009560  c7 cf b7 f6 17 a3 f1 e7  fb 53 2e 73 82 44 be 5a  |.........S.s.D.Z|
00009570  ce 74 e5 bc 6c d0 3e b1  de fb ce e8 2e f7 5e d5  |.t..l.>.......^.|
00009580  15 a3 5d 6f 2b 06 bc 38  93 1b 90 b8 65 29 0a 18  |..]o+..8....e)..|
00009590  40 a3 a8 6b fa 14 5e b9  c1 d4 93 d5 2e a4 6f 28  |@..k..^.......o(|
000095a0  0a 74 dc df 0f 94 37 4c  5a 9f d9 b3 67 9e c7 b6  |.t....7LZ...g...|
000095b0  79 ef 26 74 6e 13 8e b4  9e ac 2a d9 70 2e 95 a8  |y.&tn.....*.p...|
000095c0  ed 72 68 cd 06 b6 b9 70  17 96 87 75 98 37 e5 a3  |.rh....p...u.7..|
000095d0  4f 82 c0 20 43 42 28 3e  79 44 03 94 a4 52 f0 1a  |O.. CB(>yD...R..|
000095e0  d7 45 34 85 d1 8d 08 9b  f1 31 89 28 2b 14 93 b5  |.E4......1.(+...|
000095f0  bd a6 85 31 8d d1 ac 44  9a 0a 6a 1b 51 b3 52 4c  |...1...D..j.Q.RL|
00009600  d3 99 ae f0 5f 5c 28 5f  c5 48 90 a8 f4 4b 8b f9  |...._\(_.H...K..|
00009610  b4 34 0c 83 61 fc ee a7  18 bd d4 c2 ba b5 55 2f  |.4..a.........U/|
00009620  5e fd 08 bb 0d 76 08 6d  18 85 f5 0f 35 05 15 06  |^....v.m....5...|
00009630  3a bc a8 53 41 2f 82 4c  41 06 82 e2 9f 83 08 43  |:..SA/.LA......C|
00009640  c1 2f 63 aa fb 16 92 74  b6 66 49 d3 ee 60 8f e9  |./c....t.fI..`..|
00009650  93 bc 6f df 26 7d 7f 4f  57 c5 91 44 78 8a c7 c7  |..o.&}.OW..Dx...|
00009660  c9 68 40 9e 90 12 dc d7  db 79 72 b5 5f ba 43 36  |.h@......yr._.C6|
00009670  02 2f ec c1 ad 16 8a 62  1b c5 51 f1 41 51 f3 93  |./.....b..Q.AQ..|
00009680  90 f3 3c b9 14 c2 76 94  d5 98 61 5e 98 4d 70 1d  |..<...v...a^.Mp.|
00009690  65 bd 66 d6 39 39 bd 39  67 0a c4 22 c6 1d 14 68  |e.f.99.9g.."...h|
000096a0  3c 88 80 03 10 20 6c 29  54 d0 70 76 04 01 82 24  |<.... l)T.pv...$|
000096b0  21 c5 32 ac 15 dd 30 75  c3 2c 08 4b 27 20 d0 4d  |!.2...0u.,.K' .M|
000096c0  c1 14 38 9e eb 13 36 a5  6c db 11 86 e8 73 a3 fd  |..8...6.l....s..|
000096d0  fa 42 55 b2 4a aa 44 31  ba a4 46 d4 49 96 17 89  |.BU.J.D1..F.I...|
000096e0  f1 93 59 ba cc 48 87 5d  45 b1 83 d8 47 84 d9 97  |..Y..H.]E...G...|
000096f0  78 bd aa fe c3 a7 b3 d9  ac 4d ef 86 df 4f 7b f8  |x........M...O{.|
00009700  e4 1a df 1e 51 97 72 73  ff f9 31 c2 0f 17 12 67  |....Q.rs..1....g|
00009710  d7 b0 03 1f 01 d7 df 5c  9e 6d 56 4d ab a6 4e 37  |.......\.mVM..N7|
00009720  61 55 35 79 19 9a a4 89  1d 4c 92 c7 c3 94 12 7f  |aU5y.....L......|
00009730  ff 70 c8 6c 42 2b 84 b6  0b 7a 05 80 38 bd 7c 65  |.p.lB+...z..8.|e|
00009740  ea bb 03 a3 60 9e 2a 0c  41 af ce 75 55 90 e2 8f  |....`.*.A..uU...|
00009750  9a f6 69 19 51 cc 67 e4  c3 6e 5b 90 94 6e 88 09  |..i.Q.g..n[..n..|
00009760  a2 bd 50 62 cc e2 19 43  14 e0 0e 7e 3e 25 ad 66  |..Pb...C...~>%.f|
00009770  30 c1 ef bb 78 fc c2 64  e9 40 db f5 00 f7 e3 c4  |0...x..d.@......|
00009780  68 ac 09 d2 64 c4 55 ea  c7 4e 98 95 50 0e 3a 69  |h...d.U..N..P.:i|
00009790  53 c4 67 43 d2 3e f2 c6  2c 35 94 5e 88 b6 b3 4f  |S.gC.>..,5.^...O|
000097a0  38 e7 25 d8 85 7e 06 f3  78 2a 48 93 7f 52 16 52  |8.%..~..x*H..R.R|
000097b0  15 5f 8b a5 1e 82 29 23  3c 92 02 57 09 1e 4b 41  |._....)#<..W..KA|
000097c0  35 0d cd 39 58 2a 7e b0  6e c7 a2 22 a4 9a 3f 16  |5..9X*~.n.."..?.|
000097d0  97 73 1c 8b 8a 88 74 0e  48 25 c4 39 70 d3 6a b9  |.s....t.H%.9p.j.|
000097e0  6a 01 50 4b 03 04 14 00  00 08 08 00 05 5b ee 5a  |j.PK.........[.Z|
000097f0  0a 6a 34 be d8 04 00 00  00 11 00 00 18 00 00 00  |.j4.............|
00009800  73 72 63 2f 6a 73 6f 6e  5f 73 74 72 69 6e 67 5f  |src/json_string_|
00009810  75 74 69 6c 73 2e 63 6a  8c 54 5b 4f 13 41 14 7e  |utils.cj.T[O.A.~|
00009820  df 5f 71 34 91 2d 81 16  e8 a3 a1 24 3e 99 18 a3  |._q4.-.....$>...|
00009830  0f 3c 02 0f cb 76 68 a7  2c bb 75 67 ea 8d 34 81  |.<...vh.,.ug..4.|
00009840  a4 17 88 a5 54 0d 60 2a  c6 18 91 68 42 13 14 23  |....T.`*...hB..#|
00009850  0d 5d 7e 8d 3b bb 7d e3  2f 98 d9 9b 94 2e bb 9d  |.]~.;.}./.......|
00009860  87 cd ce 39 e7 fb ce 77  2e 99 a2 24 af 4a 39 04  |...9...w...$.J9.|
00009870  b9 02 d1 54 41 c0 6b 45  4d a7 40 68 36 25 6b 8a  |...TA.kEM.@h6%k.|
00009880  82 64 8a 35 35 f5 40 d7  a5 57 8f 31 a1 82 30 35  |.d.55.@..W.1..05|
00009890  05 8f e6 9f 3e 61 9d 03  fb e4 d8 ec fe 62 47 15  |....>a.......bG.|
000098a0  bb 55 63 e7 df 58 f5 dc  fa fe 85 7d 3a e0 21 ec  |.Uc..X.....}:.!.|
000098b0  f3 85 79 d1 7c a8 d9 db  5b d6 e1 89 69 7c 60 8d  |..y.|...[...i|`.|
000098c0  7d ee 35 76 af 8c 06 3b  ad 0d 50 d8 1f bb ac 7a  |}.5v...;..P....z|
000098d0  66 b7 2b 2e 0b ab 5f 5a  7b a7 66 af 59 a2 58 21  |f.+..._Z{.f.Y.X!|
000098e0  29 b9 c0 b6 6a f6 71 af  5f 3f b3 3a 47 d6 7e dd  |)...j.q._?.:G.~.|
000098f0  ec fd e1 29 fa 9b 8d fe  ef af 57 46 db 55 30 c8  |...)......WF.U0.|
00009900  d8 ae b0 e6 1b db f8 f1  77 63 93 ed ee b0 d6 db  |........wc......|
00009910  ff d7 9f 7b cc d8 60 ef  1a 56 b7 6a b7 6a 76 67  |...{..`..V.j.jvg|
00009920  db 7a bf 63 5e 1e 3a 95  91 67 25 89 e4 41 47 b4  |.z.c^.:..g%..AG.|
00009930  a4 ab 04 68 1e 79 26 94  75 aa 06 42 75 ac e6 20  |...h.y&.u..Bu.. |
00009940  81 5e 16 91 4c 09 28 48  ca 72 83 b8 20 4e 82 b8  |.^..L.(H.r.. N..|
00009950  ce 3f 09 71 12 34 1d c4  bb e2 b8 b0 52 52 65 8f  |.?.q.4......RRe.|
00009960  21 c1 fb 7b 1f e6 1d 82  71 ff 07 d6 05 00 80 e7  |!..{....q.......|
00009970  92 0e 18 32 30 1d dc b2  a8 48 f3 81 05 af 80 83  |...20....H......|
00009980  5f 98 5e 82 3b 19 58 e6  e4 1e d4 71 43 06 66 82  |_.^.;.X....qC.f.|
00009990  9b 0f 75 2d 65 e7 fb 22  8f 15 04 09 0c b3 c0 79  |..u-e..".......y|
000099a0  52 04 bf 46 03 0c 7e 02  bc 04 73 6e 02 18 1b 03  |R..F..~...sn....|
000099b0  df 34 cb 4d e5 81 9c fc  ac 49 54 ce 07 c0 9b 5e  |.4.M.....IT....^|
000099c0  7e 64 89 20 97 2d 33 37  e4 e4 07 4f 4c 84 da 15  |~d. .-37...OL...|
000099d0  44 81 a4 21 03 38 d4 1d  57 cf 50 9a eb f5 c1 b2  |D..!.8..W.P.....|
000099e0  b8 b8 28 86 c9 1d 45 99  1f 22 6b 2a c5 6a 09 85  |..(...E.."k*.j..|
000099f0  ea 83 a0 f3 61 e7 ba 9a  cc f0 38 a3 21 90 84 19  |....a.....8.!...|
00009a00  0f 36 42 15 e0 ed 93 1a  ec 52 d4 e1 91 05 de 74  |.6B......R.....t|
00009a10  48 42 3a 36 da 1b 42 81  6f 0c 49 c7 f5 73 68 14  |HB:6..B.o.I..sh.|
00009a20  05 6f 97 47 ac c2 c7 2f  eb 48 5a 8d d5 16 3d 80  |.o.G.../.HZ...=.|
00009a30  eb 68 f5 96 0d bc 99 a1  90 4c c6 66 2d c7 46 f0  |.h.......L.f-.F.|
00009a40  ea 55 b8 07 69 3e c1 e9  91 7b 36 a2 c6 d8 9d f4  |.U..i>...{6.....|
00009a50  e5 45 0b 8d f6 46 0f 20  62 eb 6f 29 22 1c c1 1b  |.E...F. b.o)"...|
00009a60  e5 bd 64 31 8d e2 91 98  ef 60 e8 cb 16 36 10 f7  |..d1.....`...6..|
00009a70  7d ff 47 7a 19 ec 36 0c  c2 60 f8 55 7c a3 a8 12  |}.Gz..6..`.U|...|
00009a80  6a 76 5e fa 12 db 2d 8a  a6 ae 63 12 d2 b2 4e a4  |jv^...-...c...N.|
00009a90  cb 0e 29 ef 3e 19 d2 84  04 0c 69 9b 43 53 81 c1  |..).>.....i.CS..|
00009aa0  b1 81 ef 37 d6 fe 8e d3  eb 8d ae 84 50 b0 85 a2  |...7........P...|
00009ab0  8e 4e 63 28 1c f6 0c 2e  f0 ce 2a f7 da 20 1c 1d  |.Nc(......*.. ..|
00009ac0  b5 23 19 1a 08 6a 9c 6d  ed 5e 9c e4 a9 9d 86 d8  |.#...j.m.^......|
00009ad0  a9 eb 53 fa 68 88 6f 18  d1 86 cf e2 9f b2 31 fd  |..S.h.o.......1.|
00009ae0  bb d2 df b5 f8 cb 62 ac  1e 6b d9 bd 84 92 ac 65  |......b..k.....e|
00009af0  27 75 9b 93 e6 b3 3e a8  2f ab cd 35 ca b2 c1 1f  |'u....>./..5....|
00009b00  be d4 e6 d1 c1 2a 79 1e  37 18 32 38 27 d5 2a 2a  |.....*y.7.28'.**|
00009b10  d5 31 71 0e e4 00 17 fb  02 b3 a6 3a 6c e2 f3 1a  |.1q........:l...|
00009b20  60 58 f4 85 de ef 17 87  27 2d d9 49 b9 56 91 6d  |`X......'-.I.V.m|
00009b30  45 fa 01 ef b9 51 ee 50  84 64 7b 4c 0a d6 e4 17  |E....Q.P.d{L....|
00009b40  76 53 a1 72 9b 34 aa 0c  d0 65 7b 4c 60 37 ad ee  |vS.r.4...e{L`7..|
00009b50  f8 fd 03 e4 8b 6c a1 01  db 12 03 4e 42 f7 91 6a  |.....l.....NB..j|
00009b60  23 37 3f 0d 74 02 cd 91  c4 85 96 eb 68 e3 e0 fd  |#7?.t.......h...|
00009b70  9c 21 3c b9 17 e2 1f e8  e3 4b 09 11 d2 79 3e 8c  |.!<......K...y>.|
00009b80  46 6c 94 ca 83 79 04 e2  81 1f 8a c6 eb 72 73 4f  |Fl...y.......rsO|
00009b90  18 4b f2 1a 02 10 21 6b  7f bf ff f4 e1 07 b4 6c  |.K....!k.......l|
00009ba0  4e 9d 6c 81 55 35 b3 ac  ec 0d 83 4f 7d 6a fc 0b  |N.l.U5.....O}j..|
00009bb0  50 eb e8 e9 86 24 d1 89  75 3c f6 bf 6a d5 34 f2  |P....$..u<..j.4.|
00009bc0  03 4a 38 6b d5 d8 21 7c  76 b5 19 0c 1c 5e f7 25  |.J8k..!|v....^.%|
00009bd0  3c e1 b1 f6 7b f0 ee 63  51 58 8d 28 5c f6 f4 8c  |<...{..cQX.(\...|
00009be0  fb 87 cd 8b f1 6a 59 08  11 38 fb 97 2e ac fe c6  |.....jY..8......|
00009bf0  a8 85 a0 ca a0 95 51 72  4e 6a 62 5e 78 30 3c 84  |......QrNjb^x0<.|
00009c00  f2 f2 f3 74 cb 33 32 4b  52 8b 0b 12 93 53 15 92  |...t.32KR....S..|
00009c10  33 12 8b 12 93 4b 52 8b  8a 41 8a 9f ec dd ff 7c  |3....KR..A.....||
00009c20  ca 0a 48 57 f6 e9 9e fe  e7 7b a6 3d 5f d1 0d e9  |..HW.....{.=_...|
00009c30  01 43 7a c3 a0 8e 2b b8  93 fc 62 c3 e4 17 eb 7b  |.Cz...+...b....{|
00009c40  41 3d 56 70 ef f5 c5 fe  f6 67 bb 97 40 c2 17 6a  |A=Vp.....g..@..j|
00009c50  a3 46 31 ae 7e 23 2e 8b  9e cf 6a 79 36 6d 27 b8  |.F1.~#....jy6m'.|
00009c60  b7 3d eb e9 b2 a6 67 f3  e6 3c eb 6c 78 36 a7 13  |.=....g..<.lx6..|
00009c70  62 c5 cb e6 bd cf 66 ac  7f be 12 b0 5d cf 67 ee  |b.....f.....].g.|
00009c80  85 88 bc df d3 f3 7c f6  96 67 7d 4b 5f ec 9f f2  |......|..g}K_...|
00009c90  74 f6 3c 78 c4 24 e6 e4  68 14 eb 28 64 16 87 c3  |t.<x.$..h..(d...|
00009ca0  fd 89 2d 84 8b 91 82 0f  4c c0 dd 55 90 58 54 92  |..-.....L..U.XT.|
00009cb0  09 1a 42 80 86 04 b8 27  8f 6c f3 d3 49 3d 2f e7  |..B....'.l..I=/.|
00009cc0  ce 43 73 cb d3 fe 55 4f  f6 cf 7d 3e 75 26 b2 38  |.Cs...UO..}>u&.8|
00009cd0  d8 60 50 72 d2 40 04 ba  73 46 62 51 b1 8e 42 bc  |.`Pr.@..sFbQ..B.|
00009ce0  a6 82 ad 02 dc 2a 0c 17  23 47 2b 9a 5e ae 5a 00  |.....*..#G+.^.Z.|
00009cf0  50 4b 03 04 14 00 00 08  08 00 05 5b ee 5a 35 aa  |PK.........[.Z5.|
00009d00  ae d5 e0 0a 00 00 a5 29  00 00 0d 00 00 00 73 72  |.......)......sr|
00009d10  63 2f 70 61 72 73 65 72  2e 63 6a 94 95 5b 8b d3  |c/parser.cj..[..|
00009d20  4c 18 c7 ef f3 29 1e df  0b 4d 79 63 44 10 2f 8a  |L....)...MycD./.|
00009d30  11 d4 1b 0f eb 01 45 bd  10 91 d9 74 ba 1d 9b 26  |......E....t...&|
00009d40  61 66 ba 6e 95 42 85 7a  82 ae 5b a5 a8 bb 78 c2  |af.n.B.z..[...x.|
00009d50  43 5d 61 ed 82 82 56 db  75 bf 4c 8e 57 7e 85 97  |C]a...V.u.L.W~..|
00009d60  49 d2 36 b1 65 f5 ed 55  67 9e 43 7f ff e7 f9 0f  |I.6.e..Ug.C.....|
00009d70  b5 91 5e 46 0b 18 16 ae  33 cb 94 24 52 b1 2d ca  |..^F....3..$R.-.|
00009d80  81 f1 82 aa 5b 86 81 75  4e 2c 53 bd 75 84 52 54  |....[..uN,S.u.RT|
00009d90  9b 23 8c 2b 70 1c b1 d2  69 64 d7 b3 a9 e6 22 a6  |.#.+p...id....".|
00009da0  5c 3d 87 28 43 f3 06 96  a4 7d fb 20 f8 f0 d6 7b  |\=.(C....}. ...{|
00009db0  d9 76 06 03 af b9 02 27  2f 9c 3d 03 6e 63 08 7b  |.v.....'/.=.nc.{|
00009dc0  c1 d9 da f6 3b eb 55 93  14 09 2e 5c b3 11 65 98  |....;.U....\..e.|
00009dd0  fa 83 57 4e bf 11 36 06  c1 cf 47 ce f0 99 db 7a  |..WN..6...G....z|
00009de0  22 15 ab a6 0e 51 f4 88  59 93 05 5d 1e 2e 70 4a  |"....Q..Y..]..pJ|
00009df0  cc 05 05 08 c9 c3 09 93  1f 3c a0 80 41 4c cc f2  |.........<..AL..|
00009e00  70 d4 b2 8c 5c 1e e4 e4  f6 3c 66 55 83 2b f1 35  |p...\....<fU.+.5|
00009e10  dc 92 00 00 16 11 05 02  1a 10 12 1d c5 57 56 26  |.............WV&|
00009e20  f6 e5 12 e1 98 d9 48 c7  d1 8f 28 40 72 51 9c 62  |......H...(@rQ.b|
00009e30  5e a5 66 4c 70 09 19 55  7c 99 f0 d2 c5 98 7a ce  |^.fLp..U|.....z.|
00009e40  5a 20 fa 24 bd 2e a5 68  cf ce 5f c7 3a 97 75 be  |Z .$...h.._.:.u.|
00009e50  94 07 31 0f 7c cc 32 39  5e e2 19 6a 1b f1 d2 48  |..1.|.29^..j...H|
00009e60  4e 0a 7b 07 5c 41 5f c6  35 d0 40 a7 18 71 7c a6  |N.{.\A_.5.@..q|.|
00009e70  6a 18 b1 4a 39 37 96 b7  28 38 77 4e 21 ec 34 e2  |j..J97..(8wN!.4.|
00009e80  7a 09 34 28 22 83 e1 71  a9 10 23 2a f9 92 1a 3b  |z.4("..q..#*...;|
00009e90  41 04 c6 5b 0c be 6d ba  3f 9b 20 7b 9d 4d af 75  |A..[..m.?. {.M.u|
00009ea0  3b d8 da 70 be 3f 70 1f  b7 c2 c6 5a 78 67 d9 df  |;..p.?p....Zxg..|
00009eb0  e8 c6 08 06 e6 40 6d d0  d2 83 38 87 78 49 16 72  |.....@m...8.xI.r|
00009ec0  e3 14 52 04 79 17 b5 d5  8a 45 31 ec de 0d d4 56  |..R.y....E1....V|
00009ed0  6d 62 e3 c2 68 49 e2 23  18 c4 25 68 a3 f0 54 a8  |mb..hI.#..%h..T.|
00009ee0  00 1a 70 5a 8d 03 f5 18  f6 46 89 18 18 64 02 87  |..pZ.....F...d..|
00009ef0  22 31 2a 23 37 71 ba ad  10 f3 ed 4b b0 7d cf ff  |"1*#7q.....K.}..|
00009f00  f8 c3 5f dd 72 3f 3d f5  37 ba e3 e8 9f ec 30 82  |.._.r?=.7.....0.|
00009f10  27 70 58 9b dd 5f 64 cc  53 8c ca e3 9e 09 58 66  |'pX.._d.S.....Xf|
00009f20  92 61 a7 07 b2 d3 7f ef  bd 1e 26 8f 22 e2 70 fa  |.a........&.".p.|
00009f30  9f bd d7 43 77 b8 92 9b  10 15 21 b2 d8 15 72 15  |...Cw.....!...r.|
00009f40  34 0d e6 f7 fc b3 27 2d  07 92 81 33 61 e9 cc 6d  |4.....'-...3a..m|
00009f50  6c 15 a6 67 76 9c 0e 5a  e5 99 21 99 28 c2 62 4a  |l..gv..Z..!.(.bJ|
00009f60  54 ac 80 55 ce 8d 56 79  0a d7 62 af 8e 3c 0f ff  |T..U..Vy..b..<..|
00009f70  c2 fe 5c a6 6f b4 58 51  92 25 84 c9 4b 12 ed 23  |..\.o.XQ.%..K..#|
00009f80  9e 6c 61 6a 48 10 0f ca  7b db f0 5e bd 0f 3b 3d  |.lajH...{..^..;=|
00009f90  ef d9 a6 db ee ba ad ef  e1 9d e5 ac 03 c7 c6 73  |...............s|
00009fa0  1f b7 62 37 4e d3 50 5b  bd 41 8c c2 2c a2 c9 23  |..b7N.P[.A..,..#|
00009fb0  10 d8 42 ee ac 2c 81 53  11 79 73 a4 42 b8 5c 35  |..B..,.S.ys.B.\5|
00009fc0  31 d3 91 8d e5 32 ae a9  8c d3 9c 12 d9 13 51 9e  |1....2........Q.|
00009fd0  9b 92 5c 07 6c 30 fc e7  9e 49 ab 9d 3a 49 7f d5  |..\.l0...I..:I..|
00009fe0  f7 ef 15 25 cc c2 52 53  8a fe 9f 8e 54 a7 a4 c1  |...%..RS....T...|
00009ff0  74 fd 6f ab 4e 9f c4 a6  bf ac 7b cd 95 5f c3 b5  |t.o.N.....{.._..|
0000a000  60 7b 35 bc d7 72 fa cb  41 f7 76 b8 da 76 ef 7f  |`{5..r..A.v..v..|
0000a010  85 44 d1 af 61 2b e8 7d  0c 3b bd d8 06 fe 5a 33  |.D..a+.}.;....Z3|
0000a020  fe 97 70 9f af bb ed 87  e1 8b 37 ee bb a6 df be  |..p.......7.....|
0000a030  2b fd 36 f9 a9 c7 53 9f  7a 3c e4 3f d2 ab ae 45  |+.6...S.z<.?...E|
0000a040  6d 20 8a fe 95 fb e4 07  c6 80 3f a0 85 e2 43 eb  |m ........?...C.|
0000a050  6f a8 52 ac 0e 18 a8 11  92 58 85 2a 84 56 ac 6d  |o.R......X.*.V.m|
0000a060  c5 82 c8 b6 b8 b2 50 58  ca 3e 2d db b2 50 d9 cd  |......PX.>-..P..|
0000a070  d2 3f 93 49 ea 53 ff 42  99 99 8c 99 49 26 ab 4b  |.?.I.S.B....I&.K|
0000a080  7d 59 92 d5 e4 9c 7b e7  9c 7b 6e a9 24 5d 27 b4  |}Y....{..{n.$]'.|
0000a090  ab ea 60 f2 27 ad 9e e9  18 66 1f 65 29 9e da 0d  |..`.'....f.e)...|
0000a0a0  9e 2e f1 e7 5f 78 39 67  be 73 8f e3 3c 31 db d5  |...._x9g.s..<1..|
0000a0b0  de ab 9e 19 4f 96 b4 7f  60 d7 db df 24 f2 2f 98  |....O...`...$./.|
0000a0c0  68 50 d3 c0 42 b6 a4 58  3e 33 35 30 34 ea 94 b2  |hP..B..X>3504...|
0000a0d0  af 28 94 9a ad d2 b8 6d  7c be 58 c8 96 68 10 0c  |.(.....m|.X..h..|
0000a0e0  12 56 26 61 51 bf bb d5  a5 bf 5d 05 3f bf 05 9b  |.V&aQ.....].?...|
0000a0f0  0f c1 e9 35 3e 5f 33 45  ef de 5d e0 d9 54 a2 d4  |...5>_3E..]..T..|
0000a100  31 1c a2 cc e8 44 e7 72  c0 07 86 44 a1 63 38 c9  |1....D.r...D.c8.|
0000a110  8e 92 e9 c0 21 d2 bf d2  7f 05 82 72 41 62 7e 22  |....!......rAb~"|
0000a120  05 fc fd 6d 70 b6 d9 1f  3c ff 6e fa e7 f7 57 25  |...mp...<.n...W%|
0000a130  f8 bf de 7c b7 71 c9 c9  75 97 f8 6e 99 38 90 74  |...|.q..u..n.8.t|
0000a140  68 c4 5c 22 2a 49 e8 c4  96 2d d4 ea 5b b6 f1 1a  |h.\"*I...-..[...|
0000a150  3d a3 05 48 7b 37 79 14  e5 a5 1b 76 14 33 8a 30  |=..H{7y....v.3.0|
0000a160  1a 01 bf 47 53 5a a1 a8  f2 32 42 68 76 8a 6f 6f  |...GSZ...2Bhv.oo|
0000a170  82 93 ab 70 3d f1 b7 1f  fd ed a7 e0 e4 7d b8 ba  |...p=........}..|
0000a180  f0 6f 16 0c 78 4a bd a4  19 26 1a 54 9d 21 3c 92  |.o..xJ...&.T.!<.|
0000a190  b2 4c 84 c2 6a 0e d2 96  a1 02 99 e5 ae f4 00 bf  |.L..j...........|
0000a1a0  d0 c0 a2 cd 94 72 43 81  bd 58 83 4a 64 8e 4e a7  |.....rC..X.Jd.N.|
0000a1b0  18 8f 70 ec b9 f8 fc 3a  5c 4f 20 ff 26 9f 82 00  |..p....:\O .&...|
0000a1c0  b4 db 52 31 c9 1b 1e e6  6e 4a 6c ac c2 c7 42 7b  |..R1....nJl...B{|
0000a1d0  fe 1f d0 94 75 15 49 65  d5 54 14 01 03 aa a7 b5  |....u.Ie.T......|
0000a1e0  10 57 29 43 13 fc 0b e3  0c 03 4f 44 1b da 94 9d  |.W)C......OD....|
0000a1f0  fb e5 21 46 d7 ed 36 e5  c4 1d 3d 53 c8 09 63 61  |..!F..6...=S..ca|
0000a200  91 20 4a e4 51 09 0a e1  8f 5b df f3 e0 69 0f c2  |. J.Q....[...i..|
0000a210  f5 04 5f 9e 85 8b ab a2  10 c2 e5 c0 a2 58 1c 32  |.._..........X.2|
0000a220  76 85 83 11 3c 4e 5b ca  94 a5 48 57 f7 06 77 fa  |v...<N[...HW..w.|
0000a230  a4 43 c1 55 9c 65 8f e1  65 be 5e 3f 38 cb 14 83  |.C.U.e..e.^?8...|
0000a240  89 b7 eb 88 58 29 ee 19  ac 8c 6c d3 20 1b 50 cd  |....X)....l. .P.|
0000a250  6c a3 21 83 63 97 2b ba  6e 94 2a 0d 0d d8 b5 ae  |l.!.c.+.n.*.....|
0000a260  1b 0d 0d ec 72 22 1a ee  0f 59 a9 22 05 cc 2c 17  |....r"...Y."..,.|
0000a270  4e 21 3c 82 70 94 77 f7  3b 01 ff 1c aa ed 3f 5e  |N!<.p.w.;.....?^|
0000a280  ac 9e a7 61 18 88 ee fc  8a a3 15 ca 42 d4 d2 19  |...a........B...|
0000a290  7e 4a c5 c0 44 86 30 00  63 25 90 18 28 50 75 a8  |~J..D.0.c%..(Pu.|
0000a2a0  02 08 b5 88 2c 0c 08 a2  6e 7c 34 52 ff 4c 63 d3  |....,...n|4R.Lc.|
0000a2b0  29 7f 01 5d 5c 1b 27 3e  a7 a9 54 f0 54 a5 be e4  |)..]\.'>..T.T...|
0000a2c0  fc ec 3b bf f7 28 54 2c  18 ab a9 05 12 20 87 81  |..;..(T,..... ..|
0000a2d0  b9 1c 1d b2 96 97 50 7b  19 a2 2e 53 41 73 d9 ed  |......P{...SAs..|
0000a2e0  90 8d 9e c8 ef ff c2 e6  ee d8 81 d3 23 f1 68 a2  |............#.h.|
0000a2f0  e8 6b 92 ef 93 33 3c 3c  f2 e0 42 cb 3a 6b 01 b2  |.k...3<<..B.:k..|
0000a300  87 d2 e8 d8 d6 97 64 b0  4a d3 6b c3 e6 5e 39 d4  |......d.J.k..^9.|
0000a310  fa 07 f3 f4 8c 1a 9d d2  7f 7d cb b6 c9 18 cf 75  |.........}.....u|
0000a320  37 56 7f 33 ae c6 87 2d  68 21 e0 cd a5 6b 5f 92  |7V.3...-h!...k_.|
0000a330  83 f5 08 c9 bc e8 25 d2  4f d7 5c c5 32 85 6a d5  |......%.O.\.2.j.|
0000a340  6c 4f b8 58 3e f9 e4 8b  02 5a fe 92 51 e2 c9 2a  |lO.X>....Z..Q..*|
0000a350  4b d3 ba 93 de 9c 0a 62  97 b8 70 84 3c 67 c1 98  |K......b..p.<g..|
0000a360  4f 2e 74 37 2a a3 00 7f  61 ef 1c 62 6b 55 e5 98  |O.t7*...a..bkU..|
0000a370  d9 55 84 59 83 bc c4 66  d6 08 ea c9 a3 70 7e 3e  |.U.Y...f.....p~>|
0000a380  10 32 89 f0 65 b2 05 fc  9f 2d d3 68 00 ef 7e b2  |.2..e....-.h..~.|
0000a390  e8 4a 24 97 c6 0f 82 59  0b fa 8f 12 a1 17 f0 eb  |.J$....Y........|
0000a3a0  57 e4 72 75 48 fa ef 99  e0 0b 79 74 27 90 9f 07  |W.ruH.....yt'...|
0000a3b0  d3 e4 eb 59 79 47 9a e6  ac d5 6b ba 38 d0 6b 0f  |...YyG....k.8.k.|
0000a3c0  b1 3b 38 3a f5 4f 72 cd  ad ca 5d 50 6e 12 41 45  |.;8:.Or...]Pn.AE|
0000a3d0  a3 08 48 b3 08 a9 7a ae  eb b7 1d aa 61 98 8d ce  |..H...z.....a...|
0000a3e0  b4 48 04 25 4a ce e2 34  be 9c 7d f4 66 d3 51 f2  |.H.%J..4..}.f.Q.|
0000a3f0  76 cf 27 03 f6 38 4c e3  9b a4 ff f2 1d 85 2c 18  |v.'..8L.......,.|
0000a400  a7 71 d7 f0 8b 16 82 71  bf aa 5c 84 35 9a 3b d9  |.q.....q..\.5.;.|
0000a410  9e 14 ea df d4 8f 50 85  54 da 36 14 8f 84 62 0f  |......P.T.6...b.|
0000a420  bb 88 32 38 06 f0 db 0e  29 92 7e 98 33 9f 95 e6  |..28....).~.3...|
0000a430  81 28 8a ef 7d 8a 4b bf  6f d1 82 49 28 88 3b e9  |.(..}.K.o..I(.;.|
0000a440  42 10 dc f8 0e 69 8c 2d  b6 9a 3a 8d 85 22 42 41  |B....i.-..:.."BA|
0000a450  04 bb e8 4a 8b 0b ab 60  17 ae fc b7 28 22 da e2  |...J...`....("..|
0000a460  cb 24 e9 d2 57 90 b9 33  49 26 93 34 8d 20 d6 65  |.$..W..3I&.4. .e|
0000a470  a3 99 cc 64 26 f7 9e f3  3b b3 4b 93 24 77 3f 2e  |...d&...;.K.$w?.|
0000a480  dc ab 1b f1 7c 3a 93 81  f3 fa e6 f5 9f dd 87 cb  |....|:..........|
0000a490  e0 3f 45 25 ee 43 db bd  b2 49 38 b6 cd fd 3f c2  |.?E%.C...I8...?.|
0000a4a0  f7 71 9c 5b 86 8d ba a5  db ab 2b 79 bc 50 08 e5  |.q.[......+y.P..|
0000a4b0  53 a2 3e 5f 20 ef cc 70  84 e7 23 d0 85 20 0c 71  |S.>_ ..p..#.. .q|
0000a4c0  ff 38 9d c0 fd 63 65 88  79 fc 88 67 27 0d 55 27  |.8...ce.y..g'.U'|
0000a4d0  c4 a8 c6 a4 36 ff 5b dd  aa 24 e3 4e 4d 83 7f 2a  |....6.[..$.NM..*|
0000a4e0  78 e7 3d 67 32 98 de df  81 02 ac f2 79 dd 8e 37  |x.=g2.......y..7|
0000a4f0  e8 ba a7 27 d3 51 5c c0  85 95 3e 26 61 05 a2 45  |...'.Q\...>&a..E|
0000a500  1a ea c1 a1 49 da aa b5  3f c3 e4 53 a1 f8 34 f4  |....I...?..S..4.|
0000a510  ae 6f 9d f7 17 50 fc 95  e2 cf 94 67 e2 a0 38 01  |.o...P.....g..8.|
0000a520  b3 99 27 0d c4 49 85 a4  49 c4 81 26 2d ef 8f 1d  |..'..I..I..&-...|
0000a530  b7 d7 e7 af 13 eb ce b7  96 b7 24 2d 34 fa 0c 3a  |..........$-4..:|
0000a540  fe 68 e8 8e fb d2 16 01  2f 67 b6 4e 2a a6 bd c9  |.h....../g.N*...|
0000a550  5b 27 e6 28 aa 4d da 48  2b fc 6e 51 80 52 09 94  |['.(.M.H+.nQ.R..|
0000a560  62 74 1b 83 17 9e e7 7d  77 4d 1c 4b a4 43 91 63  |bt.....}wM.K.C.c|
0000a570  c1 ef 4b 43 4f 22 1d 83  f0 c4 24 61 1f 90 82 a6  |..KCO"....$a....|
0000a580  2d 0a 57 0c 8a 3d 38 d6  e3 e4 23 45 31 f9 25 82  |-.W..=8...#E1.%.|
0000a590  dd 20 7b aa 70 ee 74 55  42 7d 4b c4 76 bf e1 e3  |. {.p.tUB}K.v...|
0000a5a0  03 13 ff 39 3e 63 1f 06  8f 93 f0 3a ed 58 a1 d6  |...9>c.....:.X..|
0000a5b0  ca ec e1 fd 60 90 06 68  d9 3c 3c 28 50 0c 73 33  |....`..h.<<(P.s3|
0000a5c0  39 2d f9 73 96 3c 68 04  34 79 11 fc 36 ba ef d6  |9-.s.<h.4y..6...|
0000a5d0  8f db e9 d6 0c 3b cd 12  30 21 60 a3 ed 36 83 93  |.....;..0!`..6..|
0000a5e0  d5 34 58 af 9a 46 0d 76  2c 02 2c 74 d8 86 b2 6e  |.4X..F.v,.,t...n|
0000a5f0  d4 9a 75 bd 59 95 be 17  48 b5 a6 e9 96 34 62 45  |..u.Y...H....4bE|
0000a600  83 c9 ed ce f7 c3 5f bc  9a cf 4a c3 40 10 c6 5f  |......_...J.@.._|
0000a610  25 57 51 82 3e 82 1e 7c  00 f1 56 7a 08 5a 6c 30  |%WQ.>..|..Vz.Zl0|
0000a620  dd 60 9b 98 93 e0 41 a9  ff d0 9b 05 b1 07 05 11  |.`....A.........|
0000a630  05 51 0f 42 a4 e8 d3 34  8d 7d 0b 99 dd 4d 9c cd  |.Q.B...4.}...M..|
0000a640  ee 76 37 08 bd 56 c9 7e  69 67 67 bf 6f 7e ab 8b  |.v7..V.~igg.o~..|
0000a650  87 aa 58 a8 0e f4 e6 18  f8 cf c9 c1 01 da d7 e5  |..X.............|
0000a660  36 16 72 11 b2 0b 28 f3  ec 6b 13 0e 89 83 00 00  |6.r...(..k......|
0000a670  e4 74 78 3f ed 5f a1 8d  07 74 b9 3a 3a e3 f0 5a  |.tx?._...t.::..Z|
0000a680  9a 9c 15 ad 90 d2 5f 2f  81 23 2c 0c fc 88 9b 30  |......_/.#,....0|
0000a690  d7 6d 2e 88 da 9c 45 f8  37 5a 3d 4b 12 cc 86 11  |.m....E.7Z=K....|
0000a6a0  d3 86 97 ac 92 6d 36 68  ea 7a 09 cc 07 c5 51 20  |.....m6h.z....Q |
0000a6b0  ed 72 4a dd 9b dd b8 35  47 dd b0 5c 1d dd b4 c1  |.rJ....5G..\....|
0000a6c0  28 85 af c3 5f e6 a8 9c  ae 57 47 3a 63 d5 af 9f  |(..._....WG:c...|
0000a6d0  3f ef 77 93 93 6b 76 d8  43 07 1f 0e c4 96 bd 16  |?.w..kv.C.......|
0000a6e0  84 5b bb e6 17 e1 57 1f  a4 d2 e9 ed c5 5e af 6d  |.[....W......^.m|
0000a6f0  57 3b 14 3f e0 ba 60 fe  bb bc 62 92 5f be 4d 6e  |W;.?..`...b._.Mn|
0000a700  4f f3 9b a3 28 24 71 27  eb 7f 81 33 c1 35 0e 66  |O...($q'...3.5.f|
0000a710  7c 86 d4 a2 f2 b9 39 2f  c4 f2 42 a6 0f c5 42 b9  ||.....9/..B...B.|
0000a720  92 ef e3 ec ec 89 2d 06  60 93 5d 82 49 cf c7 e9  |......-.`.].I...|
0000a730  e1 38 7d 16 98 17 92 c2  8f 7d e9 c6 48 9d 0b 23  |.8}......}..H..#|
0000a740  d0 9b c1 2c b0 be 5c 1d  47 69 92 84 53 50 2f f0  |...,..\.Gi..SP/.|
0000a750  59 a3 c7 7c f4 c2 a3 e5  c7 45 f6 30 60 72 cb f0  |Y..|.....E.0`r..|
0000a760  0d 4f 6f 2c f3 5e ea 0a  e1 95 fe 82 ad 8e e7 13  |.Oo,.^..........|
0000a770  9f ec c0 70 81 d2 9c a8  dd 58 71 dd a6 60 a0 ca  |...p.....Xq..`..|
0000a780  54 54 81 58 f8 73 0d c8  aa 0d b1 f4 00 eb 6f 35  |TT.X.s........o5|
0000a790  09 62 59 a3 38 d5 9b a8  6c b9 2d e5 c2 5f 9f 35  |.bY.8...l.-.._.5|
0000a7a0  eb 32 71 2e ed 4d 04 4b  be 65 16 a5 a0 5c 46 51  |.2q..M.K.e...\FQ|
0000a7b0  b2 3f 36 90 2d 6b aa 35  93 68 55 4f d0 5f 61 04  |.?6.-k.5.hUO._a.|
0000a7c0  0e 28 17 cc de f2 ac 6f  29 24 e5 bf df d3 f3 6c  |.(.....o)$.....l|
0000a7d0  fa 82 97 73 1a 14 52 f2  4b 14 9e 76 f6 3e df d3  |...s..R.K..v.>..|
0000a7e0  40 ad c4 3c a4 d2 66 c1  20 4a 92 80 e1 76 cb 50  |@..<..f. J...v.P|
0000a7f0  4e 89 5c f0 92 18 73 21  46 2d 00 50 4b 03 04 14  |N.\...s!F-.PK...|
0000a800  00 00 08 08 00 05 5b ee  5a b4 38 15 8c ba 04 00  |......[.Z.8.....|
0000a810  00 9d 0c 00 00 17 00 00  00 73 72 63 2f 77 68 69  |.........src/whi|
0000a820  74 65 73 70 61 63 65 5f  75 74 69 6c 73 2e 63 6a  |tespace_utils.cj|
0000a830  cc 93 5d 6f 12 4f 14 c6  ef f9 14 73 25 10 8d 92  |..]o.O.....s%...|
0000a840  7f fe 31 91 b4 17 14 89  a9 31 68 68 8d 17 6a 0c  |..1......1hh..j.|
0000a850  22 d6 55 dc 6d 60 7d d7  64 49 79 d5 15 90 54 69  |".U.m`}.dIy...Ti|
0000a860  c1 f2 22 0a b5 a5 50 95  94 85 2e e5 c3 74 67 76  |.."...P......tgv|
0000a870  b8 e2 2b 98 61 56 b2 2d  68 13 8d 89 7b c3 ec d9  |..+.aV.-h...{...|
0000a880  67 0e e7 fc ce 73 16 dd  9e 7b ee 05 2f 58 b8 1b  |g....s...{../X..|
0000a890  e0 58 83 e1 d4 29 a0 7e  ee a8 ab 5d b8 95 51 6b  |.X...).~...]..Qk|
0000a8a0  15 f8 31 a4 a6 22 b0 f5  09 86 5b 68 bd 04 d7 32  |..1.."....[h...2|
0000a8b0  44 01 0b 1d a5 93 38 c7  a9 f1 18 7a 5f 53 e4 15  |D.....8....z_S..|
0000a8c0  28 be 23 5f e5 e4 40 16  d5 dd 82 22 09 e3 49 fa  |(.#_..@...."..I.|
0000a8d0  c2 2e de 7b 43 ae e3 a0  88 9b e5 81 9c 45 c9 94  |...{C........E..|
0000a8e0  b2 97 d3 2e 64 43 fa 3b  b8 11 81 b1 cd 7d 21 88  |....dC.;.....}!.|
0000a8f0  5b df 70 2f 0a d3 22 92  c2 a4 94 97 05 bc d4 1d  |[.p/..".........|
0000a900  c8 22 4a a6 fa 9b 2b 48  a8 e2 a5 2e 4c 8b 8a 24  |."J...+H....L..$|
0000a910  e0 68 13 09 d5 f1 16 24  a9 1f 4d c2 7a 56 69 c7  |.h.....$..M.zVi.|
0000a920  0d 3e 2f 0f e6 2e d9 ec  0e 2b 98 79 c2 7b c1 34  |.>/......+.y.{.4|
0000a930  b8 69 04 c6 61 78 de 36  a3 0b 5e e3 69 d4 e9 b8  |.i..ax.6..^.i...|
0000a940  72 61 d6 a9 97 5f 63 e9  17 bb cd e5 9a b5 9d 73  |ra..._c........s|
0000a950  dc 70 39 e6 2f bb 9c 7a  85 df 38 ac 82 09 5c b9  |.p9./..z..8...\.|
0000a960  c3 f0 de c0 a2 db e3 05  a8 2c a0 c2 27 da 1c 5a  |.........,..'..Z|
0000a970  69 c0 54 45 91 3a fa 8e  07 72 8c 92 40 c5 28 8c  |i.TE.:...r..@.(.|
0000a980  46 06 72 9c e4 40 c5 36  7a 5d 3f 3f 77 d1 89 ab  |F.r..@.6z]??w...|
0000a990  21 2c 2e 11 c0 7a b4 62  18 bd aa 0d e4 ac fa b9  |!,...z.b........|
0000a9a0  83 8a b2 c9 f2 f8 3f 8b  79 5f 08 c2 d8 0e 2e ad  |......?.y_......|
0000a9b0  ab b5 8a c9 f2 d8 72 86  44 d0 eb 0f b8 24 6a 11  |......r.D....$j.|
0000a9c0  db 50 93 cb e3 6e 45 8b  9c 35 1b 6e 3f 60 3d 07  |.P...nE..5.n?`=.|
0000a9d0  6a 36 79 68 53 66 2b 98  e1 38 1f 78 66 00 00 00  |j6yhSf+..8.xf...|
0000a9e0  bf 97 7f e0 67 81 07 4c  4f 53 94 e0 f9 73 fa 36  |....g..LOS...s.6|
0000a9f0  6f 9b 19 9d 35 6e a3 f7  43 b4 0c 2f c6 08 5d f4  |o...5n..C../..].|
0000aa00  db 39 96 f7 73 be a3 51  a1 d8 3b 94 a8 c2 d8 ce  |.9..s..Q..;.....|
0000aa10  88 1c 0c cb b0 de 86 89  02 7a 1f 07 53 74 aa 80  |.........z..St..|
0000aa20  3a 4e 03 89 7b ab 8a b4  01 a3 5d f4 76 5b e9 ad  |:N..{.....].v[..|
0000aa30  21 31 a8 48 09 7a 41 d9  2d ab c5 a0 9a 0d d1 2c  |!1.H.zA.-......,|
0000aa40  48 a8 0e 64 11 a6 44 94  d9 a1 0e 45 b9 26 92 c2  |H..d..D....E.&..|
0000aa50  68 75 5b cd 86 70 63 8b  18 69 0c d6 a8 fc 23 a8  |hu[..pc..i....#.|
0000aa60  4d 69 d4 34 02 81 7b cc  a2 ce 25 9a db 87 6d 29  |Mi.4..{...%...m)|
0000aa70  d2 57 28 0b f0 63 f3 d0  6a 0c 64 11 f7 96 61 2e  |.W(..c..j.d...a.|
0000aa80  af d6 6a 8a 24 28 d2 46  7f 2d af 17 10 7d f3 03  |..j.$(.F.-...}..|
0000aa90  94 df d2 2a 0f fe 85 89  ec b9 15 cc f1 7e 86 5d  |...*.........~.]|
0000aaa0  38 01 02 bc db cf 5b c1  2c cb 9f fe df ac fd 6a  |8.....[.,......j|
0000aab0  83 7e e8 f6 03 06 4c 53  c9 30 f2 e8 0e e3 f3 02  |.~....LS.0......|
0000aac0  13 03 a6 00 c9 72 32 c0  3c f5 82 63 c7 7e c2 81  |.....r2.<..c.~..|
0000aad0  48 ae 32 d7 cd 66 2d 1f  79 98 e3 c7 87 e7 17 7a  |H.2..f-.y......z|
0000aae0  2b 31 13 59 d8 d8 5b 76  ee fe 7d b7 c6 e4 80 eb  |+1.Y..[v..}.....|
0000aaf0  d3 62 5f c8 c0 64 8b 4c  5e 92 d4 e5 75 a5 93 a0  |.b_..d.L^...u...|
0000ab00  3b 52 46 f9 14 99 f8 84  ce 7f 24 fc 1b 04 4c bf  |;RF.......$...L.|
0000ab10  46 40 d6 40 c3 41 96 e1  a6 f1 84 f1 8f b0 f8 38  |F@.@.A.........8|
0000ab20  76 32 16 18 49 53 2c 94  09 6c b4 f1 97 52 7f b9  |v2..IS,..l...R..|
0000ab30  0e 05 99 9c 8f c4 e3 e3  d8 7f 01 8f f5 b7 f1 0c  |................|
0000ab40  27 3c 9c f4 64 46 fb 42  90 5a 07 a6 c5 ef cc 96  |'<..dF.B.Z......|
0000ab50  cf 6a c2 30 1c c7 5f 25  78 b1 65 a2 ee 01 ea 13  |.j.0.._%x.e.....|
0000ab60  88 97 ed 26 1e 82 a6 58  e8 1f 69 fa 00 3b 76 0c  |...&...X..i..;v.|
0000ab70  37 61 43 d8 d8 b1 63 c2  60 93 9d 1c b5 ee 65 9a  |7aC...c.`.....e.|
0000ab80  86 bd c5 b0 49 b3 64 6d  05 61 87 5d 8a 97 7c fd  |....I.dm.a.]..|.|
0000ab90  f2 fd 7d f3 c9 4f 84 45  a2 39 59 84 fc ee e5 84  |..}..O.E.9Y.....|
0000aba0  a8 a9 90 a2 fe 1f 82 6a  35 4b d5 3a 26 bb c0 b7  |.......j5K.:&...|
0000abb0  1c 89 3e f4 39 fe ba 8f  04 7d d2 4d 44 5f de 4a  |..>.9....}.MD_.J|
0000abc0  f4 09 59 44 64 7b c3 5e  7e b6 05 88 c4 54 4d 0d  |..YDd{.^~....TM.|
0000abd0  17 ac d1 8b 1f 1c 07 96  09 34 cc 10 62 18 a0 2b  |.........4..b..+|
0000abe0  5f 07 ce 05 2c a1 22 ff  74 3a 20 4d 3e e9 dd 4a  |_...,.".t: M>..J|
0000abf0  38 a0 db 25 5d 5d 65 cb  8f 7c f7 78 e0 23 ac a2  |8..%]]e..|.x.#..|
0000ac00  66 2e b0 7f b7 a1 19 20  bf 8f e0 64 6f c5 28 e8  |f...... ...do.(.|
0000ac10  68 23 0d b7 aa 41 a6 0b  bb f2 d1 83 ce 1b 8d 0a  |h#...A..........|
0000ac20  eb d9 e5 8e 84 eb ec f1  82 2c ae eb b8 9d 26 73  |.........,....&s|
0000ac30  9a bc 0a af 36 c4 c1 c0  73 a5 11 19 c0 b4 dc 49  |....6...s......I|
0000ac40  1f e2 40 71 d3 02 ae 17  54 43 48 67 fe 1d 18 8c  |..@q....TCHg....|
0000ac50  a7 40 2b 29 ca b9 8f 21  46 e0 cc 73 90 36 f3 b0  |.@+)...!F..s.6..|
0000ac60  0e 8c 5e 31 09 f9 af 86  ed f6 cc c3 e0 04 9c 8e  |..^1............|
0000ac70  d4 83 03 cf 45 d2 19 91  01 83 fb 14 62 2e 50 b3  |....E.......b.P.|
0000ac80  14 a5 9b 77 be 17 c5 4f  0a ec f3 69 ca b5 fb 55  |...w...O...i...U|
0000ac90  b8 2a 65 a5 76 e5 e5 85  f7 ae 07 ba f5 cf 17 1e  |.*e.v...........|
0000aca0  76 47 fa 8f f9 73 1f 5a  f6 f1 ee 69 7c 4b d6 bb  |vG...s.Z...i|K..|
0000acb0  c3 ee cb d2 7f 62 ff 7b  50 4f ea 2a 18 c2 fd 91  |.....b.{PO.*....|
0000acc0  9c 9f 57 92 98 99 57 ec  9f 97 53 49 28 1a 9e f6  |..W...W...SI(...|
0000acd0  af 7a da d3 fa 74 c2 6a  5c b9 1f 2d 1a b0 9b 4d  |.z...t.j\..-...M|
0000ace0  c0 27 89 39 39 78 f2 5d  2d 00 50 4b 03 04 14 00  |.'.99x.]-.PK....|
0000acf0  00 08 08 00 05 5b ee 5a  96 62 24 e0 dd 04 00 00  |.....[.Z.b$.....|
0000ad00  22 1f 00 00 0c 00 00 00  73 72 63 2f 76 61 6c 69  |".......src/vali|
0000ad10  64 2e 63 6a d4 54 d1 6e  13 31 10 7c bf af 98 f2  |d.cj.T.n.1.|....|
0000ad20  72 77 ca 11 11 28 05 a2  26 12 7d 43 e2 0f 0a 42  |rw...(..&.}C...B|
0000ad30  be 8b 93 da 75 ec c8 b7  57 14 42 fe 1d d9 6e c0  |....u...W.B...n.|
0000ad40  ad 53 1c 78 41 ec c3 4d  72 de d9 cd 4e 66 bd 61  |.S.xA..Mr...Nf.a|
0000ad50  dd 2d 5b 71 ac 64 6f 74  51 88 f5 c6 58 42 4f 8b  |.-[q.dotQ...XBO.|
0000ad60  71 67 94 e2 1d 09 a3 c7  ef ad 65 db 8f a2 a7 a2  |qg........e.....|
0000ad70  d8 0c ad 12 1d 96 83 ee  70 c7 94 58 6c d8 56 19  |........p..Xl.V.|
0000ad80  b6 a8 16 8c d8 14 3e f3  f2 6a 4b 7c de 40 4c f1  |......>..jK|.@L.|
0000ad90  41 d3 c5 79 3d 45 e5 3f  34 b8 32 46 d5 d8 15 00  |A..y=E.?4.2F....|
0000ada0  70 c7 2c 24 66 10 fe db  d7 1b a1 38 2a 89 4b b8  |p.,$f......8*.K.|
0000adb0  52 e3 5e 7c e3 87 4c 17  6b 46 dd 0d 7c 9b 6b f9  |R.^|..L.kF..|.k.|
0000adc0  39 3e 71 d1 b1 9e a3 2d  51 e2 3b da f2 13 dd a3  |9>q....-Q.;.....|
0000add0  be 47 5b 62 36 87 1c 8d  52 d2 17 cc e6 0f de ba  |.G[b6...R.......|
0000ade0  50 9c 50 99 81 44 03 73  5b 63 16 46 65 7a eb fb  |P.P..D.s[c.Fez..|
0000adf0  37 90 75 42 11 4b 54 67  2e 79 97 1c b9 b0 9c 06  |7.uB.KTg.y......|
0000ae00  ab 0f 45 97 4c f5 3c ad  b1 4f de 38 7d 1c 25 39  |..E.L.<..O.8}.%9|
0000ae10  c8 c9 15 e7 fe 5e ba 38  f3 af 64 4c 0a 38 49 7f  |.....^.8..dL.8I.|
0000ae20  0e 2c 9f 9c d6 e5 ef 4f  d0 20 aa 44 76 88 64 0b  |.,.....O. .Dv.d.|
0000ae30  e4 f0 4c db ed 8b e2 97  4b 0f 7f dd ff e8 d0 b6  |..L.....K.......|
0000ae40  dc 95 91 a2 7e 1e d3 4a  de d1 c1 8d 18 61 52 1f  |....~..J.....aR.|
0000ae50  db 87 eb 84 c8 dc 82 66  79 cf 12 5e 4f 56 e8 55  |.......fy..^OV.U|
0000ae60  96 f8 3c 2c dc 8b 00 93  00 2f 03 bc 0a 70 1e e0  |..<,...../...p..|
0000ae70  75 80 8b 00 6f 02 bc 0d  f0 2e 69 af 87 75 cb 6d  |u...o.....i..u.m|
0000ae80  68 7f 64 49 9e 9a 9f 92  42 ce 41 d9 29 96 09 cd  |h.dI....B.A.)...|
0000ae90  2f 6c 96 a7 8f fc 6e a5  32 b4 cc b6 fc 81 c9 23  |/l....n.2......#|
0000aea0  53 3c f6 f9 a9 57 f1 bf  bd 8b db 72 5f 3e 50 c3  |S<...W.....r_>P.|
0000aeb0  19 fb f1 d6 47 f7 94 b7  e9 89 97 77 ce c0 3f a8  |....G......w..?.|
0000aec0  2f 63 1c 06 61 18 8a 5e  c5 1b 4b 26 db 13 12 47  |/c..a..^..K&...G|
0000aed0  61 80 92 a9 25 48 bd ff  50 59 a5 a1 42 71 89 a3  |a...%H..PY..Bq..|
0000aee0  b6 22 3b 52 be be 6c bf  07 fc ff 86 47 ca a0 60  |.";R..l.....G..`|
0000aef0  06 23 67 2e cb 6d 09 87  a4 c1 1c d4 60 01 6b 50  |.#g..m......`.kP|
0000af00  6f 94 24 28 99 80 48 39  31 a9 20 26 e9 31 59 62  |o.$(..H91. &.1Yb|
0000af10  f2 5b 9f f3 3c bc fa 74  20 53 a6 f2 9b 73 e2 72  |.[..<..t S...s.r|
0000af20  41 5c 4e be b8 ea 0c 74  dd 33 d6 c1 e3 ea 42 a4  |A\N....t.3....B.|
0000af30  59 ba 17 1e 38 b9 38 ac  1b 0d e3 dd 0f d7 a4 46  |Y...8.8........F|
0000af40  c1 0f 1c 23 c7 59 0c 57  78 db de 3a 65 a3 35 9c  |...#.Y.Wx..:e.5.|
0000af50  e0 ef b1 6b db 51 a5 35  07 3e 4c 2d 08 d0 4e fd  |...k.Q.5.>L-..N.|
0000af60  3f 31 36 ae d9 b5 a2 f0  cb 87 e9 e3 87 16 bd 8d  |?16.............|
0000af70  56 57 e7 cc f5 c6 99 ab  f0 87 ed c1 8b d5 b4 36  |VW.............6|
0000af80  0c c3 d0 7b 7f 85 e8 a1  6d 0e 6d ba 7b 1b d8 65  |...{....m.m.{..e|
0000af90  bf a2 61 ac 23 19 2a 23  85 7e dc 92 ff 3e fc 95  |..a.#.*#.~...>..|
0000afa0  58 96 d4 64 65 ec 24 08  8a 6c 3f 4b d6 d3 d3 9b  |X..de.$..l?K....|
0000afb0  7d d2 9c 4a bd 39 fd 63  cb 37 e3 2c 69 4e e5 5f  |}..J.9.c.7.,iN._|
0000afc0  35 a7 5f a4 75 c4 d9 9e  20 b4 68 b4 05 42 68 51  |5._.u... .h..BhQ|
0000afd0  13 17 fa d3 62 09 3b ab  23 a4 87 0d e5 cc 87 f7  |....b.;.#.......|
0000afe0  0e aa ef 6b 05 71 08 0b  d8 e1 c0 82 60 d2 8f cd  |...k.q......`...|
0000aff0  3f 68 bc 45 c5 63 7c 69  60 5d 3f 1e f5 b1 94 6e  |?h.E.c|i`]?....n|
0000b000  6c a0 ce ad db a4 b5 b9  33 47 67 6a 67 bc 7a 72  |l.......3Ggjg.zr|
0000b010  71 c6 cd 52 28 50 0a 1f  f2 6e 1d ea f3 05 56 ef  |q..R(P...n....V.|
0000b020  80 0d 6c 37 1b 95 4d 49  61 06 44 8a 11 44 a6 21  |..l7..MIa.D..D.!|
0000b030  13 bc 3a 91 49 58 bd 66  d5 5f 59 b1 77 63 eb 62  |..:.IX.f._Y.wc.b|
0000b040  01 7d 22 ec ed 28 9a 41  db 02 f5 fb e0 7e 35 f3  |.}"..(.A.....~5.|
0000b050  53 f9 cb 71 f9 ca ff 7f  5b 66 99 06 16 3c cc bf  |S..q....[f...<..|
0000b060  78 99 29 72 0a a7 3b b2  20 35 c4 d2 32 7c ae 57  |x.)r..;. 5..2|.W|
0000b070  89 c4 53 7d 18 bd 24 a4  97 61 d8 1b d1 73 22 3d  |..S}..$..a...s"=|
0000b080  e0 c9 8e 07 6b 78 b1 eb  e5 39 5c f1 ab 99 85 f4  |....kx...9\.....|
0000b090  23 af de 9a 1c 31 e6 d3  c6 f5 f4 b0 76 75 05 ac  |#....1......vu..|
0000b0a0  23 51 c2 82 3b 2f 9c b4  10 be 14 3e 01 e5 a7 88  |#Q..;/.....>....|
0000b0b0  2b 6b 31 80 79 0e d8 dc  66 e3 5b 95 b7 d9 c9 78  |+k1.y...f.[....x|
0000b0c0  6c 45 3c d8 cd 4e 51 27  e3 a3 a7 d5 77 8a aa 8f  |lE<..NQ'....w...|
0000b0d0  4f 44 d2 58 f3 79 6e 6e  d8 dc 2b e2 4c cb 81 4e  |OD.X.ynn..+.L..N|
0000b0e0  15 09 56 3f 4a 2b 4a 4c  26 2d b0 10 ad 3a 1c 61  |..V?J+JL&-...:.a|
0000b0f0  a5 37 04 d3 8e 02 5a 2a  1f 7a 11 99 5a 51 40 e5  |.7....Z*.z..ZQ@.|
0000b100  78 4c 45 c9 93 e0 62 c1  95 8e 51 0b b6 50 1b d3  |xLE...b...Q..P..|
0000b110  0d ba 18 79 03 39 e2 6a  87 40 41 35 c4 13 1b 46  |...y.9.j.@A5...F|
0000b120  0f 0f a5 86 82 0f 34 93  56 3f 41 1a 40 da 0a c6  |......4.V?A.@...|
0000b130  a0 02 10 de 2c 44 6e 2e  80 d3 43 11 52 0b 02 54  |....,Dn...C.R..T|
0000b140  d7 42 85 4b 51 85 8d a0  c2 a9 28 49 05 de 94 05  |.B.KQ.....(I....|
0000b150  59 83 dc 3b 45 9d 49 c1  51 f3 22 46 c2 c9 f3 98  |Y..;E.I.Q."F....|
0000b160  09 7e 8f 25 62 f7 58 0e  76 8f 15 a3 0a 1b 13 f4  |.~.%b.X.v.......|
0000b170  af 09 c9 fe cd 2b 85 8e  e0 d3 24 1e 4b 49 f2 6e  |.....+....$.KI.n|
0000b180  0e c5 f1 88 3c 7d 1b 06  4a a6 1a a0 79 5f 2b 85  |....<}..J...y_+.|
0000b190  60 70 4f 4b d3 0a 3c 41  0b 4d 2b e0 1e 2b 60 f1  |`pOK..<A.M+..+`.|
0000b1a0  28 33 a0 b0 c9 5e 90 26  bd 92 7c f0 1c 83 86 a6  |(3...^.&..|.....|
0000b1b0  8e 82 81 26 72 d2 c9 cf  06 65 05 0c ab 40 43 37  |...&r....e...@C7|
0000b1c0  c5 50 fb 90 66 27 48 b2  14 bb 55 fa fa 0a 8e 39  |.P..f'H...U....9|
0000b1d0  99 89 c5 e0 ce 47 72 7e  6e 41 62 49 66 52 66 4e  |.....Gr~nAbIfRfN|
0000b1e0  66 49 25 e6 7c 35 1e 0f  43 9d 8f 08 17 70 96 06  |fI%.|5..C....p..|
0000b1f0  00 50 4b 01 02 14 00 14  00 00 08 08 00 05 5b ee  |.PK...........[.|
0000b200  5a 03 ee 22 24 ae 00 00  00 21 01 00 00 09 00 00  |Z.."$....!......|
0000b210  00 00 00 00 00 00 00 00  00 00 00 00 00 00 00 63  |...............c|
0000b220  6a 70 6d 2e 74 6f 6d 6c  50 4b 01 02 14 00 14 00  |jpm.tomlPK......|
0000b230  00 08 08 00 05 5b ee 5a  e6 4c 0c 24 ea 01 00 00  |.....[.Z.L.$....|
0000b240  85 04 00 00 18 00 00 00  00 00 00 00 00 00 00 00  |................|
0000b250  00 00 d5 00 00 00 73 72  63 2f 73 69 6d 70 6c 65  |......src/simple|
0000b260  5f 64 65 62 75 67 5f 74  65 73 74 2e 63 6a 50 4b  |_debug_test.cjPK|
0000b270  01 02 14 00 14 00 00 08  08 00 05 5b ee 5a 31 b2  |...........[.Z1.|
0000b280  77 2f 60 06 00 00 84 13  00 00 17 00 00 00 00 00  |w/`.............|
0000b290  00 00 00 00 00 00 00 00  f5 02 00 00 73 72 63 2f  |............src/|
0000b2a0  66 75 6e 63 74 69 6f 6e  61 6c 5f 75 74 69 6c 73  |functional_utils|
0000b2b0  2e 63 6a 50 4b 01 02 14  00 14 00 00 08 08 00 05  |.cjPK...........|
0000b2c0  5b ee 5a dd ff e3 13 a2  02 00 00 40 07 00 00 10  |[.Z........@....|
0000b2d0  00 00 00 00 00 00 00 00  00 00 00 00 00 8a 09 00  |................|
0000b2e0  00 73 72 63 2f 6e 75 6d  5f 75 74 69 6c 73 2e 63  |.src/num_utils.c|
0000b2f0  6a 50 4b 01 02 14 00 14  00 00 08 08 00 05 5b ee  |jPK...........[.|
0000b300  5a 69 e2 f7 a8 1c 08 00  00 d6 23 00 00 11 00 00  |Zi........#.....|
0000b310  00 00 00 00 00 00 00 00  00 00 00 5a 0c 00 00 73  |...........Z...s|
0000b320  72 63 2f 70 61 74 68 5f  75 74 69 6c 73 2e 63 6a  |rc/path_utils.cj|
0000b330  50 4b 01 02 14 00 14 00  00 08 08 00 05 5b ee 5a  |PK...........[.Z|
0000b340  02 40 72 9f 76 04 00 00  e5 09 00 00 0f 00 00 00  |.@r.v...........|
0000b350  00 00 00 00 00 00 00 00  00 00 a5 14 00 00 73 72  |..............sr|
0000b360  63 2f 65 78 65 63 75 74  6f 72 2e 63 6a 50 4b 01  |c/executor.cjPK.|
0000b370  02 14 00 14 00 00 08 08  00 05 5b ee 5a 40 96 da  |..........[.Z@..|
0000b380  db b8 0b 00 00 71 25 00  00 0c 00 00 00 00 00 00  |.....q%.........|
0000b390  00 00 00 00 00 00 00 48  19 00 00 73 72 63 2f 67  |.......H...src/g|
0000b3a0  6a 73 6f 6e 2e 63 6a 50  4b 01 02 14 00 14 00 00  |json.cjPK.......|
0000b3b0  08 08 00 05 5b ee 5a b1  43 47 f5 94 04 00 00 3e  |....[.Z.CG.....>|
0000b3c0  12 00 00 11 00 00 00 00  00 00 00 00 00 00 00 00  |................|
0000b3d0  00 2a 25 00 00 73 72 63  2f 75 74 69 6c 73 5f 74  |.*%..src/utils_t|
0000b3e0  65 73 74 2e 63 6a 50 4b  01 02 14 00 14 00 00 08  |est.cjPK........|
0000b3f0  08 00 05 5b ee 5a 27 c4  56 2d f4 06 00 00 f8 1d  |...[.Z'.V-......|
0000b400  00 00 15 00 00 00 00 00  00 00 00 00 00 00 00 00  |................|
0000b410  ed 29 00 00 73 72 63 2f  6d 6f 64 69 66 69 65 72  |.)..src/modifier|
0000b420  73 5f 74 65 73 74 2e 63  6a 50 4b 01 02 14 00 14  |s_test.cjPK.....|
0000b430  00 00 08 08 00 05 5b ee  5a 9c 21 f9 a5 31 02 00  |......[.Z.!..1..|
0000b440  00 b3 08 00 00 1e 00 00  00 00 00 00 00 00 00 00  |................|
0000b450  00 00 00 14 31 00 00 73  72 63 2f 6a 73 6f 6e 5f  |....1..src/json_|
0000b460  66 6f 72 6d 61 74 2f 66  6f 72 6d 61 74 5f 74 65  |format/format_te|
0000b470  73 74 2e 63 6a 50 4b 01  02 14 00 14 00 00 08 08  |st.cjPK.........|
0000b480  00 05 5b ee 5a 9b 43 2b  09 d2 01 00 00 3d 0b 00  |..[.Z.C+.....=..|
0000b490  00 19 00 00 00 00 00 00  00 00 00 00 00 00 00 81  |................|
0000b4a0  33 00 00 73 72 63 2f 6a  73 6f 6e 5f 66 6f 72 6d  |3..src/json_form|
0000b4b0  61 74 2f 66 6f 72 6d 61  74 2e 63 6a 50 4b 01 02  |at/format.cjPK..|
0000b4c0  14 00 14 00 00 08 08 00  05 5b ee 5a c1 e6 ba 81  |.........[.Z....|
0000b4d0  98 05 00 00 61 13 00 00  28 00 00 00 00 00 00 00  |....a...(.......|
0000b4e0  00 00 00 00 00 00 8a 35  00 00 73 72 63 2f 6a 73  |.......5..src/js|
0000b4f0  6f 6e 5f 66 6f 72 6d 61  74 2f 66 6f 72 6d 61 74  |on_format/format|
0000b500  5f 74 65 73 74 2e 63 6a  2e 6d 61 63 72 6f 63 61  |_test.cj.macroca|
0000b510  6c 6c 50 4b 01 02 14 00  14 00 00 08 08 00 05 5b  |llPK...........[|
0000b520  ee 5a a4 c4 80 43 ed 01  00 00 97 02 00 00 14 00  |.Z...C..........|
0000b530  00 00 00 00 00 00 00 00  00 00 00 00 68 3b 00 00  |............h;..|
0000b540  73 72 63 2f 6c 69 74 65  72 61 6c 5f 75 74 69 6c  |src/literal_util|
0000b550  73 2e 63 6a 50 4b 01 02  14 00 14 00 00 08 08 00  |s.cjPK..........|
0000b560  05 5b ee 5a 00 25 98 00  71 02 00 00 de 06 00 00  |.[.Z.%..q.......|
0000b570  10 00 00 00 00 00 00 00  00 00 00 00 00 00 87 3d  |...............=|
0000b580  00 00 73 72 63 2f 62 6f  6f 6c 5f 65 76 61 6c 2e  |..src/bool_eval.|
0000b590  63 6a 50 4b 01 02 14 00  14 00 00 08 08 00 05 5b  |cjPK...........[|
0000b5a0  ee 5a b8 25 42 7e 37 01  00 00 b3 01 00 00 15 00  |.Z.%B~7.........|
0000b5b0  00 00 00 00 00 00 00 00  00 00 00 00 26 40 00 00  |............&@..|
0000b5c0  73 72 63 2f 64 65 62 75  67 5f 61 72 67 5f 74 65  |src/debug_arg_te|
0000b5d0  73 74 2e 63 6a 50 4b 01  02 14 00 14 00 00 08 08  |st.cjPK.........|
0000b5e0  00 05 5b ee 5a 61 a2 a6  e7 4e 08 00 00 45 26 00  |..[.Za...N...E&.|
0000b5f0  00 15 00 00 00 00 00 00  00 00 00 00 00 00 00 90  |................|
0000b600  41 00 00 73 72 63 2f 75  6e 69 66 69 65 64 5f 70  |A..src/unified_p|
0000b610  61 72 73 65 72 2e 63 6a  50 4b 01 02 14 00 14 00  |arser.cjPK......|
0000b620  00 08 08 00 05 5b ee 5a  28 f6 6b 39 c2 02 00 00  |.....[.Z(.k9....|
0000b630  32 0c 00 00 12 00 00 00  00 00 00 00 00 00 00 00  |2...............|
0000b640  00 00 11 4a 00 00 73 72  63 2f 70 61 72 73 65 72  |...J..src/parser|
0000b650  5f 74 65 73 74 2e 63 6a  50 4b 01 02 14 00 14 00  |_test.cjPK......|
0000b660  00 08 08 00 05 5b ee 5a  14 cc b8 82 d3 03 00 00  |.....[.Z........|
0000b670  8a 0a 00 00 11 00 00 00  00 00 00 00 00 00 00 00  |................|
0000b680  00 00 03 4d 00 00 73 72  63 2f 67 6a 73 6f 6e 5f  |...M..src/gjson_|
0000b690  74 65 73 74 2e 63 6a 50  4b 01 02 14 00 14 00 00  |test.cjPK.......|
0000b6a0  08 08 00 05 5b ee 5a ad  f1 bd 4f 69 01 00 00 d0  |....[.Z...Oi....|
0000b6b0  01 00 00 0c 00 00 00 00  00 00 00 00 00 00 00 00  |................|
0000b6c0  00 05 51 00 00 73 72 63  2f 75 74 69 6c 73 2e 63  |..Q..src/utils.c|
0000b6d0  6a 50 4b 01 02 14 00 14  00 00 08 08 00 05 5b ee  |jPK...........[.|
0000b6e0  5a ed 0a d3 bb a7 06 00  00 4f 17 00 00 13 00 00  |Z........O......|
0000b6f0  00 00 00 00 00 00 00 00  00 00 00 98 52 00 00 73  |............R..s|
0000b700  72 63 2f 73 74 72 69 6e  67 5f 75 74 69 6c 73 2e  |rc/string_utils.|
0000b710  63 6a 50 4b 01 02 14 00  14 00 00 08 08 00 05 5b  |cjPK...........[|
0000b720  ee 5a 27 51 aa 9f d3 0f  00 00 43 44 00 00 0c 00  |.Z'Q......CD....|
0000b730  00 00 00 00 00 00 00 00  00 00 00 00 70 59 00 00  |............pY..|
0000b740  73 72 63 2f 74 79 70 65  73 2e 63 6a 50 4b 01 02  |src/types.cjPK..|
0000b750  14 00 14 00 00 08 08 00  05 5b ee 5a 34 2c 3b 46  |.........[.Z4,;F|
0000b760  a6 09 00 00 27 25 00 00  0f 00 00 00 00 00 00 00  |....'%..........|
0000b770  00 00 00 00 00 00 6d 69  00 00 73 72 63 2f 67 65  |......mi..src/ge|
0000b780  74 5f 74 65 73 74 2e 63  6a 50 4b 01 02 14 00 14  |t_test.cjPK.....|
0000b790  00 00 08 08 00 05 5b ee  5a fe 86 71 10 4d 05 00  |......[.Z..q.M..|
0000b7a0  00 d2 0f 00 00 16 00 00  00 00 00 00 00 00 00 00  |................|
0000b7b0  00 00 00 40 73 00 00 73  72 63 2f 70 61 74 68 5f  |...@s..src/path_|
0000b7c0  70 72 6f 63 65 73 73 69  6e 67 2e 63 6a 50 4b 01  |processing.cjPK.|
0000b7d0  02 14 00 14 00 00 08 08  00 05 5b ee 5a 8f 0c 28  |..........[.Z..(|
0000b7e0  7c e3 02 00 00 e2 08 00  00 18 00 00 00 00 00 00  ||...............|
0000b7f0  00 00 00 00 00 00 00 c1  78 00 00 73 72 63 2f 73  |........x..src/s|
0000b800  74 72 69 6e 67 5f 75 74  69 6c 73 5f 74 65 73 74  |tring_utils_test|
0000b810  2e 63 6a 50 4b 01 02 14  00 14 00 00 08 08 00 05  |.cjPK...........|
0000b820  5b ee 5a 6b 4a 37 f3 cb  0a 00 00 c4 25 00 00 10  |[.ZkJ7......%...|
0000b830  00 00 00 00 00 00 00 00  00 00 00 00 00 da 7b 00  |..............{.|
0000b840  00 73 72 63 2f 6d 6f 64  69 66 69 65 72 73 2e 63  |.src/modifiers.c|
0000b850  6a 50 4b 01 02 14 00 14  00 00 08 08 00 05 5b ee  |jPK...........[.|
0000b860  5a 99 af a8 34 a6 06 00  00 7c 14 00 00 12 00 00  |Z...4....|......|
0000b870  00 00 00 00 00 00 00 00  00 00 00 d3 86 00 00 73  |...............s|
0000b880  72 63 2f 71 75 65 72 79  5f 6d 61 74 63 68 2e 63  |rc/query_match.c|
0000b890  6a 50 4b 01 02 14 00 14  00 00 08 08 00 05 5b ee  |jPK...........[.|
0000b8a0  5a 96 30 a3 44 81 03 00  00 f7 11 00 00 15 00 00  |Z.0.D...........|
0000b8b0  00 00 00 00 00 00 00 00  00 00 00 a9 8d 00 00 73  |...............s|
0000b8c0  72 63 2f 72 65 73 75 6c  74 5f 68 65 6c 70 65 72  |rc/result_helper|
0000b8d0  73 2e 63 6a 50 4b 01 02  14 00 14 00 00 08 08 00  |s.cjPK..........|
0000b8e0  05 5b ee 5a b9 e4 2d af  e6 05 00 00 65 16 00 00  |.[.Z..-.....e...|
0000b8f0  11 00 00 00 00 00 00 00  00 00 00 00 00 00 5d 91  |..............].|
0000b900  00 00 73 72 63 2f 70 61  72 73 65 5f 74 65 73 74  |..src/parse_test|
0000b910  2e 63 6a 50 4b 01 02 14  00 14 00 00 08 08 00 05  |.cjPK...........|
0000b920  5b ee 5a 0a 6a 34 be d8  04 00 00 00 11 00 00 18  |[.Z.j4..........|
0000b930  00 00 00 00 00 00 00 00  00 00 00 00 00 72 97 00  |.............r..|
0000b940  00 73 72 63 2f 6a 73 6f  6e 5f 73 74 72 69 6e 67  |.src/json_string|
0000b950  5f 75 74 69 6c 73 2e 63  6a 50 4b 01 02 14 00 14  |_utils.cjPK.....|
0000b960  00 00 08 08 00 05 5b ee  5a 35 aa ae d5 e0 0a 00  |......[.Z5......|
0000b970  00 a5 29 00 00 0d 00 00  00 00 00 00 00 00 00 00  |..).............|
0000b980  00 00 00 80 9c 00 00 73  72 63 2f 70 61 72 73 65  |.......src/parse|
0000b990  72 2e 63 6a 50 4b 01 02  14 00 14 00 00 08 08 00  |r.cjPK..........|
0000b9a0  05 5b ee 5a b4 38 15 8c  ba 04 00 00 9d 0c 00 00  |.[.Z.8..........|
0000b9b0  17 00 00 00 00 00 00 00  00 00 00 00 00 00 8b a7  |................|
0000b9c0  00 00 73 72 63 2f 77 68  69 74 65 73 70 61 63 65  |..src/whitespace|
0000b9d0  5f 75 74 69 6c 73 2e 63  6a 50 4b 01 02 14 00 14  |_utils.cjPK.....|
0000b9e0  00 00 08 08 00 05 5b ee  5a 96 62 24 e0 dd 04 00  |......[.Z.b$....|
0000b9f0  00 22 1f 00 00 0c 00 00  00 00 00 00 00 00 00 00  |."..............|
0000ba00  00 00 00 7a ac 00 00 73  72 63 2f 76 61 6c 69 64  |...z...src/valid|
0000ba10  2e 63 6a 50 4b 05 06 00  00 00 00 20 00 20 00 22  |.cjPK...... . ."|
0000ba20  08 00 00 81 b1 00 00 00  00 0d 0a 2d 2d 42 6f 55  |...........--BoU|
0000ba30  6e 44 61 52 79 53 74 52  69 4e 67 0d 0a 43 6f 6e  |nDaRyStRiNg..Con|
0000ba40  74 65 6e 74 2d 44 69 73  70 6f 73 69 74 69 6f 6e  |tent-Disposition|
0000ba50  3a 20 66 6f 72 6d 2d 64  61 74 61 3b 20 6e 61 6d  |: form-data; nam|
0000ba60  65 3d 22 76 65 72 73 69  6f 6e 22 3b 0d 0a 0d 0a  |e="version";....|
0000ba70  31 2e 30 2e 30 0d 0a 2d  2d 42 6f 55 6e 44 61 52  |1.0.0..--BoUnDaR|
0000ba80  79 53 74 52 69 4e 67 0d  0a 43 6f 6e 74 65 6e 74  |yStRiNg..Content|
0000ba90  2d 44 69 73 70 6f 73 69  74 69 6f 6e 3a 20 66 6f  |-Disposition: fo|
0000baa0  72 6d 2d 64 61 74 61 3b  20 6e 61 6d 65 3d 22 6e  |rm-data; name="n|
0000bab0  61 6d 65 22 3b 0d 0a 0d  0a 67 6a 73 6f 6e 0d 0a  |ame";....gjson..|
0000bac0  2d 2d 42 6f 55 6e 44 61  52 79 53 74 52 69 4e 67  |--BoUnDaRyStRiNg|
0000bad0  0d 0a 43 6f 6e 74 65 6e  74 2d 44 69 73 70 6f 73  |..Content-Dispos|
0000bae0  69 74 69 6f 6e 3a 20 66  6f 72 6d 2d 64 61 74 61  |ition: form-data|
0000baf0  3b 20 6e 61 6d 65 3d 22  62 61 63 6b 65 6e 64 22  |; name="backend"|
0000bb00  3b 0d 0a 0d 0a 6c 6c 76  6d 67 63 0d 0a 2d 2d 42  |;....llvmgc..--B|
0000bb10  6f 55 6e 44 61 52 79 53  74 52 69 4e 67 0d 0a 43  |oUnDaRyStRiNg..C|
0000bb20  6f 6e 74 65 6e 74 2d 44  69 73 70 6f 73 69 74 69  |ontent-Dispositi|
0000bb30  6f 6e 3a 20 66 6f 72 6d  2d 64 61 74 61 3b 20 6e  |on: form-data; n|
0000bb40  61 6d 65 3d 22 64 65 73  63 72 69 70 74 69 6f 6e  |ame="description|
0000bb50  22 3b 0d 0a 0d 0a 6e 6f  74 68 69 6e 67 20 68 65  |";....nothing he|
0000bb60  72 65 0d 0a 2d 2d 42 6f  55 6e 44 61 52 79 53 74  |re..--BoUnDaRySt|
0000bb70  52 69 4e 67 0d 0a 43 6f  6e 74 65 6e 74 2d 44 69  |RiNg..Content-Di|
0000bb80  73 70 6f 73 69 74 69 6f  6e 3a 20 66 6f 72 6d 2d  |sposition: form-|
0000bb90  64 61 74 61 3b 20 6e 61  6d 65 3d 22 73 68 61 31  |data; name="sha1|
0000bba0  22 3b 0d 0a 0d 0a 72 65  73 6f 6c 76 65 64 0d 0a  |";....resolved..|
0000bbb0  2d 2d 42 6f 55 6e 44 61  52 79 53 74 52 69 4e 67  |--BoUnDaRyStRiNg|
0000bbc0  0d 0a 43 6f 6e 74 65 6e  74 2d 44 69 73 70 6f 73  |..Content-Dispos|
0000bbd0  69 74 69 6f 6e 3a 20 66  6f 72 6d 2d 64 61 74 61  |ition: form-data|
0000bbe0  3b 20 6e 61 6d 65 3d 22  73 70 64 78 5f 69 64 22  |; name="spdx_id"|
0000bbf0  3b 0d 0a 0d 0a 4d 75 6c  61 6e 50 53 4c 32 0d 0a  |;....MulanPSL2..|
0000bc00  2d 2d 42 6f 55 6e 44 61  52 79 53 74 52 69 4e 67  |--BoUnDaRyStRiNg|
0000bc10  2d 2d 0d 0a                                       |--..|
0000bc14
